# https://github.com/mikedh/trimesh
mtllib material.mtl
usemtl material_0
v 0.07500000 0.00000000 0.06500001
v 0.07500000 0.00000000 0.01500000
v 0.06000000 0.00000000 0.06500001
v 0.00000000 0.00000000 0.00000000
v 0.06000000 0.00000000 0.01500000
v 0.06000000 0.00000000 0.00000000
v 0.00000000 0.00000000 0.08000001
v 0.06000000 0.00000000 0.08000001
v 0.06000000 0.00000000 0.08000001
v 0.00000000 0.00000000 0.08000001
v 0.06000000 0.00000000 0.06500001
v 0.07500000 0.00000000 0.01500000
v 0.06000000 0.00000000 0.01500000
v 0.00000000 0.00000000 0.00000000
v 0.06000000 0.00000000 0.00000000
v 0.07500000 0.00000000 0.06500001
v 0.07500000 0.02000000 0.06500001
v 0.06000000 0.00000000 0.06500001
v 0.06000000 0.02000000 0.06500001
v 0.07500000 0.00000000 0.06500001
v 0.07500000 0.00000000 0.06500001
v 0.07500000 0.02000000 0.06500001
v 0.06000000 0.00000000 0.06500001
v 0.06000000 0.02000000 0.06500001
v 0.07500000 0.00000000 0.01500000
v 0.06000000 0.02000000 0.01500000
v 0.06000000 0.00000000 0.01500000
v 0.07500000 0.02000000 0.01500000
v 0.07500000 0.02000000 0.01500000
v 0.07500000 0.00000000 0.01500000
v 0.06000000 0.02000000 0.01500000
v 0.06000000 0.00000000 0.01500000
v 0.06000000 0.02000000 0.01500000
v 0.06000000 0.00000000 0.00000000
v 0.06000000 0.00000000 0.01500000
v 0.06000000 0.02000000 0.00000000
v 0.06000000 0.02000000 0.00000000
v 0.06000000 0.02000000 0.01500000
v 0.06000000 0.00000000 0.00000000
v 0.06000000 0.00000000 0.01500000
v 0.06000000 0.00000000 0.00000000
v 0.00000000 0.02000000 0.00000000
v 0.00000000 0.00000000 0.00000000
v 0.06000000 0.02000000 0.00000000
v 0.06000000 0.02000000 0.00000000
v 0.06000000 0.00000000 0.00000000
v 0.00000000 0.02000000 0.00000000
v 0.00000000 0.00000000 0.00000000
v 0.00000000 0.02000000 0.00000000
v 0.00000000 0.00000000 0.08000001
v 0.00000000 0.00000000 0.00000000
v 0.00000000 0.02000000 0.08000001
v 0.00000000 0.02000000 0.08000001
v 0.00000000 0.02000000 0.00000000
v 0.00000000 0.00000000 0.08000001
v 0.00000000 0.00000000 0.00000000
v 0.06000000 0.02000000 0.08000001
v 0.00000000 0.00000000 0.08000001
v 0.00000000 0.02000000 0.08000001
v 0.06000000 0.00000000 0.08000001
v 0.06000000 0.00000000 0.08000001
v 0.06000000 0.02000000 0.08000001
v 0.00000000 0.00000000 0.08000001
v 0.00000000 0.02000000 0.08000001
v 0.06000000 0.02000000 0.08000001
v 0.06000000 0.00000000 0.06500001
v 0.06000000 0.00000000 0.08000001
v 0.06000000 0.02000000 0.06500001
v 0.06000000 0.02000000 0.06500001
v 0.06000000 0.02000000 0.08000001
v 0.06000000 0.00000000 0.06500001
v 0.06000000 0.00000000 0.08000001
v 0.01500000 0.00000000 0.01500000
v 0.00000000 0.02000000 0.01500000
v 0.00000000 0.00000000 0.01500000
v 0.01500000 0.02000000 0.01500000
v 0.01500000 0.02000000 0.01500000
v 0.01500000 0.00000000 0.01500000
v 0.00000000 0.02000000 0.01500000
v 0.00000000 0.00000000 0.01500000
v 0.01500000 0.02000000 0.00000000
v 0.01500000 0.00000000 0.01500000
v 0.01500000 0.00000000 0.00000000
v 0.01500000 0.02000000 0.01500000
v 0.01500000 0.02000000 0.01500000
v 0.01500000 0.02000000 0.00000000
v 0.01500000 0.00000000 0.01500000
v 0.01500000 0.00000000 0.00000000
v 0.00000000 0.00000000 0.06500001
v 0.01500000 0.00000000 0.01500000
v 0.00000000 0.00000000 0.01500000
v 0.01500000 0.00000000 0.00000000
v 0.07500000 0.00000000 0.08000001
v 0.07500000 0.00000000 0.00000000
v 0.01500000 0.00000000 0.06500001
v 0.01500000 0.00000000 0.08000001
v 0.01500000 0.00000000 0.08000001
v 0.01500000 0.00000000 0.06500001
v 0.07500000 0.00000000 0.08000001
v 0.00000000 0.00000000 0.06500001
v 0.01500000 0.00000000 0.01500000
v 0.01500000 0.00000000 0.00000000
v 0.07500000 0.00000000 0.00000000
v 0.00000000 0.00000000 0.01500000
v 0.07500000 0.00000000 0.00000000
v 0.01500000 0.02000000 0.00000000
v 0.01500000 0.00000000 0.00000000
v 0.07500000 0.02000000 0.00000000
v 0.07500000 0.02000000 0.00000000
v 0.07500000 0.00000000 0.00000000
v 0.01500000 0.02000000 0.00000000
v 0.01500000 0.00000000 0.00000000
v 0.01500000 0.02000000 0.06500001
v 0.00000000 0.00000000 0.06500001
v 0.00000000 0.02000000 0.06500001
v 0.01500000 0.00000000 0.06500001
v 0.01500000 0.00000000 0.06500001
v 0.01500000 0.02000000 0.06500001
v 0.00000000 0.00000000 0.06500001
v 0.00000000 0.02000000 0.06500001
v 0.01500000 0.02000000 0.06500001
v 0.01500000 0.00000000 0.08000001
v 0.01500000 0.00000000 0.06500001
v 0.01500000 0.02000000 0.08000001
v 0.01500000 0.02000000 0.08000001
v 0.01500000 0.02000000 0.06500001
v 0.01500000 0.00000000 0.08000001
v 0.01500000 0.00000000 0.06500001
v 0.07500000 0.02000000 0.08000001
v 0.01500000 0.00000000 0.08000001
v 0.01500000 0.02000000 0.08000001
v 0.07500000 0.00000000 0.08000001
v 0.07500000 0.00000000 0.08000001
v 0.07500000 0.02000000 0.08000001
v 0.01500000 0.00000000 0.08000001
v 0.01500000 0.02000000 0.08000001
v 0.07500000 0.02000000 0.08000001
v 0.07500000 0.00000000 0.00000000
v 0.07500000 0.00000000 0.08000001
v 0.07500000 0.02000000 0.00000000
v 0.07500000 0.02000000 0.00000000
v 0.07500000 0.02000000 0.08000001
v 0.07500000 0.00000000 0.00000000
v 0.07500000 0.00000000 0.08000001
v 0.06000000 0.01500000 0.01500000
v 0.07500000 0.01500000 0.00000000
v 0.06000000 0.01500000 0.00000000
v 0.07500000 0.01500000 0.01500000
v 0.07500000 0.01500000 0.01500000
v 0.06000000 0.01500000 0.01500000
v 0.07500000 0.01500000 0.00000000
v 0.06000000 0.01500000 0.00000000
v 0.07500000 0.00000000 0.01500000
v 0.06000000 0.01500000 0.01500000
v 0.06000000 0.00000000 0.01500000
v 0.07500000 0.01500000 0.01500000
v 0.07500000 0.01500000 0.01500000
v 0.07500000 0.00000000 0.01500000
v 0.06000000 0.01500000 0.01500000
v 0.06000000 0.00000000 0.01500000
v 0.06000000 0.00000000 0.00000000
v 0.00000000 0.07500000 0.00000000
v 0.00000000 0.00000000 0.00000000
v 0.06000000 0.01500000 0.00000000
v 0.07500000 0.07500000 0.00000000
v 0.07500000 0.01500000 0.00000000
v 0.07500000 0.01500000 0.00000000
v 0.06000000 0.01500000 0.00000000
v 0.07500000 0.07500000 0.00000000
v 0.00000000 0.07500000 0.00000000
v 0.06000000 0.00000000 0.00000000
v 0.00000000 0.00000000 0.00000000
v 0.06000000 0.01500000 0.01500000
v 0.06000000 0.00000000 0.00000000
v 0.06000000 0.00000000 0.01500000
v 0.06000000 0.01500000 0.00000000
v 0.06000000 0.01500000 0.00000000
v 0.06000000 0.01500000 0.01500000
v 0.06000000 0.00000000 0.00000000
v 0.06000000 0.00000000 0.01500000
v 0.00000000 0.07500000 0.00000000
v 0.00000000 0.00000000 0.08000001
v 0.00000000 0.00000000 0.00000000
v 0.00000000 0.07500000 0.08000001
v 0.00000000 0.07500000 0.08000001
v 0.00000000 0.07500000 0.00000000
v 0.00000000 0.00000000 0.08000001
v 0.00000000 0.00000000 0.00000000
v 0.07500000 0.07500000 0.00000000
v 0.00000000 0.07500000 0.08000001
v 0.00000000 0.07500000 0.00000000
v 0.07500000 0.07500000 0.08000001
v 0.07500000 0.07500000 0.08000001
v 0.07500000 0.07500000 0.00000000
v 0.00000000 0.07500000 0.08000001
v 0.00000000 0.07500000 0.00000000
v 0.07500000 0.07500000 0.08000001
v 0.00000000 0.00000000 0.08000001
v 0.00000000 0.07500000 0.08000001
v 0.06000000 0.01500000 0.08000001
v 0.06000000 0.00000000 0.08000001
v 0.07500000 0.01500000 0.08000001
v 0.07500000 0.01500000 0.08000001
v 0.07500000 0.07500000 0.08000001
v 0.06000000 0.01500000 0.08000001
v 0.06000000 0.00000000 0.08000001
v 0.00000000 0.00000000 0.08000001
v 0.00000000 0.07500000 0.08000001
v 0.06000000 0.01500000 0.08000001
v 0.06000000 0.00000000 0.06500001
v 0.06000000 0.00000000 0.08000001
v 0.06000000 0.01500000 0.06500001
v 0.06000000 0.01500000 0.06500001
v 0.06000000 0.01500000 0.08000001
v 0.06000000 0.00000000 0.06500001
v 0.06000000 0.00000000 0.08000001
v 0.06000000 0.01500000 0.08000001
v 0.07500000 0.01500000 0.06500001
v 0.06000000 0.01500000 0.06500001
v 0.07500000 0.01500000 0.08000001
v 0.07500000 0.01500000 0.08000001
v 0.06000000 0.01500000 0.08000001
v 0.07500000 0.01500000 0.06500001
v 0.06000000 0.01500000 0.06500001
v 0.07500000 0.01500000 0.06500001
v 0.06000000 0.00000000 0.06500001
v 0.06000000 0.01500000 0.06500001
v 0.07500000 0.00000000 0.06500001
v 0.07500000 0.00000000 0.06500001
v 0.07500000 0.01500000 0.06500001
v 0.06000000 0.00000000 0.06500001
v 0.06000000 0.01500000 0.06500001
v 0.01500000 0.01500000 0.00000000
v 0.01500000 0.00000000 0.01500000
v 0.01500000 0.00000000 0.00000000
v 0.01500000 0.01500000 0.01500000
v 0.01500000 0.01500000 0.01500000
v 0.01500000 0.01500000 0.00000000
v 0.01500000 0.00000000 0.01500000
v 0.01500000 0.00000000 0.00000000
v 0.01500000 0.00000000 0.01500000
v 0.00000000 0.01500000 0.01500000
v 0.00000000 0.00000000 0.01500000
v 0.01500000 0.01500000 0.01500000
v 0.01500000 0.01500000 0.01500000
v 0.01500000 0.00000000 0.01500000
v 0.00000000 0.01500000 0.01500000
v 0.00000000 0.00000000 0.01500000
v 0.07500000 0.00000000 0.00000000
v 0.01500000 0.01500000 0.00000000
v 0.01500000 0.00000000 0.00000000
v 0.00000000 0.07500000 0.00000000
v 0.00000000 0.01500000 0.00000000
v 0.07500000 0.07500000 0.00000000
v 0.07500000 0.00000000 0.00000000
v 0.01500000 0.01500000 0.00000000
v 0.07500000 0.07500000 0.00000000
v 0.00000000 0.07500000 0.00000000
v 0.00000000 0.01500000 0.00000000
v 0.01500000 0.00000000 0.00000000
v 0.00000000 0.01500000 0.01500000
v 0.01500000 0.01500000 0.00000000
v 0.00000000 0.01500000 0.00000000
v 0.01500000 0.01500000 0.01500000
v 0.01500000 0.01500000 0.01500000
v 0.00000000 0.01500000 0.01500000
v 0.01500000 0.01500000 0.00000000
v 0.00000000 0.01500000 0.00000000
v 0.07500000 0.07500000 0.08000001
v 0.07500000 0.00000000 0.00000000
v 0.07500000 0.00000000 0.08000001
v 0.07500000 0.07500000 0.00000000
v 0.07500000 0.07500000 0.00000000
v 0.07500000 0.07500000 0.08000001
v 0.07500000 0.00000000 0.00000000
v 0.07500000 0.00000000 0.08000001
v 0.07500000 0.07500000 0.00000000
v 0.00000000 0.07500000 0.08000001
v 0.00000000 0.07500000 0.00000000
v 0.07500000 0.07500000 0.08000001
v 0.07500000 0.07500000 0.08000001
v 0.07500000 0.07500000 0.00000000
v 0.00000000 0.07500000 0.08000001
v 0.00000000 0.07500000 0.00000000
v 0.07500000 0.07500000 0.08000001
v 0.00000000 0.01500000 0.08000001
v 0.00000000 0.07500000 0.08000001
v 0.01500000 0.01500000 0.08000001
v 0.01500000 0.00000000 0.08000001
v 0.07500000 0.00000000 0.08000001
v 0.07500000 0.00000000 0.08000001
v 0.07500000 0.07500000 0.08000001
v 0.01500000 0.00000000 0.08000001
v 0.01500000 0.01500000 0.08000001
v 0.00000000 0.01500000 0.08000001
v 0.00000000 0.07500000 0.08000001
v 0.01500000 0.01500000 0.06500001
v 0.01500000 0.00000000 0.08000001
v 0.01500000 0.00000000 0.06500001
v 0.01500000 0.01500000 0.08000001
v 0.01500000 0.01500000 0.08000001
v 0.01500000 0.01500000 0.06500001
v 0.01500000 0.00000000 0.08000001
v 0.01500000 0.00000000 0.06500001
v 0.00000000 0.01500000 0.08000001
v 0.01500000 0.01500000 0.06500001
v 0.00000000 0.01500000 0.06500001
v 0.01500000 0.01500000 0.08000001
v 0.01500000 0.01500000 0.08000001
v 0.00000000 0.01500000 0.08000001
v 0.01500000 0.01500000 0.06500001
v 0.00000000 0.01500000 0.06500001
v 0.01500000 0.01500000 0.06500001
v 0.00000000 0.00000000 0.06500001
v 0.00000000 0.01500000 0.06500001
v 0.01500000 0.00000000 0.06500001
v 0.01500000 0.00000000 0.06500001
v 0.01500000 0.01500000 0.06500001
v 0.00000000 0.00000000 0.06500001
v 0.00000000 0.01500000 0.06500001
v 0.78999996 0.00000000 0.00000000
v 0.00000000 0.00000000 0.05000000
v 0.00000000 0.00000000 0.00000000
v 0.78999996 0.00000000 0.05000000
v 0.78999996 0.00000000 0.05000000
v 0.78999996 0.00000000 0.00000000
v 0.00000000 0.00000000 0.05000000
v 0.00000000 0.00000000 0.00000000
v 0.78999996 0.00000000 0.05000000
v 0.00000000 0.02000000 0.05000000
v 0.00000000 0.00000000 0.05000000
v 0.78999996 0.02000000 0.05000000
v 0.78999996 0.02000000 0.05000000
v 0.78999996 0.00000000 0.05000000
v 0.00000000 0.02000000 0.05000000
v 0.00000000 0.00000000 0.05000000
v 0.00000000 0.02000000 0.00000000
v 0.00000000 0.00000000 0.05000000
v 0.00000000 0.00000000 0.00000000
v 0.00000000 0.02000000 0.05000000
v 0.00000000 0.02000000 0.05000000
v 0.00000000 0.02000000 0.00000000
v 0.00000000 0.00000000 0.05000000
v 0.00000000 0.00000000 0.00000000
v 0.78999996 0.02000000 0.00000000
v 0.00000000 0.00000000 0.00000000
v 0.00000000 0.02000000 0.00000000
v 0.78999996 0.00000000 0.00000000
v 0.78999996 0.00000000 0.00000000
v 0.78999996 0.02000000 0.00000000
v 0.00000000 0.00000000 0.00000000
v 0.00000000 0.02000000 0.00000000
v 0.78999996 0.02000000 0.00000000
v 0.78999996 0.00000000 0.05000000
v 0.78999996 0.00000000 0.00000000
v 0.78999996 0.02000000 0.05000000
v 0.78999996 0.02000000 0.05000000
v 0.78999996 0.02000000 0.00000000
v 0.78999996 0.00000000 0.05000000
v 0.78999996 0.00000000 0.00000000
v 0.00000000 0.01500000 0.08000001
v 0.78999996 0.01500000 0.06500001
v 0.00000000 0.01500000 0.06500001
v 0.78999996 0.01500000 0.08000001
v 0.78999996 0.01500000 0.08000001
v 0.00000000 0.01500000 0.08000001
v 0.78999996 0.01500000 0.06500001
v 0.00000000 0.01500000 0.06500001
v 0.78999996 0.07500000 0.08000001
v 0.00000000 0.01500000 0.08000001
v 0.00000000 0.07500000 0.08000001
v 0.78999996 0.01500000 0.08000001
v 0.78999996 0.01500000 0.08000001
v 0.78999996 0.07500000 0.08000001
v 0.00000000 0.01500000 0.08000001
v 0.00000000 0.07500000 0.08000001
v 0.78999996 0.01500000 0.06500001
v 0.00000000 0.00000000 0.06500001
v 0.00000000 0.01500000 0.06500001
v 0.78999996 0.00000000 0.06500001
v 0.78999996 0.00000000 0.06500001
v 0.78999996 0.01500000 0.06500001
v 0.00000000 0.00000000 0.06500001
v 0.00000000 0.01500000 0.06500001
v 0.78999996 0.07500000 0.08000001
v 0.00000000 0.07500000 0.00000000
v 0.78999996 0.07500000 0.00000000
v 0.00000000 0.07500000 0.08000001
v 0.00000000 0.07500000 0.08000001
v 0.78999996 0.07500000 0.08000001
v 0.00000000 0.07500000 0.00000000
v 0.78999996 0.07500000 0.00000000
v 0.78999996 0.01500000 0.00000000
v 0.00000000 0.07500000 0.00000000
v 0.00000000 0.01500000 0.00000000
v 0.78999996 0.07500000 0.00000000
v 0.78999996 0.07500000 0.00000000
v 0.78999996 0.01500000 0.00000000
v 0.00000000 0.07500000 0.00000000
v 0.00000000 0.01500000 0.00000000
v 0.00000000 0.01500000 0.00000000
v 0.78999996 0.01500000 0.01500000
v 0.78999996 0.01500000 0.00000000
v 0.00000000 0.01500000 0.01500000
v 0.00000000 0.01500000 0.01500000
v 0.00000000 0.01500000 0.00000000
v 0.78999996 0.01500000 0.01500000
v 0.78999996 0.01500000 0.00000000
v 0.78999996 0.00000000 0.01500000
v 0.00000000 0.01500000 0.01500000
v 0.00000000 0.00000000 0.01500000
v 0.78999996 0.01500000 0.01500000
v 0.78999996 0.01500000 0.01500000
v 0.78999996 0.00000000 0.01500000
v 0.00000000 0.01500000 0.01500000
v 0.00000000 0.00000000 0.01500000
v 0.00000000 0.07500000 0.08000001
v 0.00000000 0.01500000 0.06500001
v 0.00000000 0.01500000 0.08000001
v 0.00000000 0.01500000 0.01500000
v 0.00000000 0.01500000 0.00000000
v 0.00000000 0.07500000 0.00000000
v 0.00000000 0.00000000 0.01500000
v 0.00000000 0.00000000 0.06500001
v 0.78999996 0.07500000 0.08000001
v 0.78999996 0.01500000 0.06500001
v 0.78999996 0.01500000 0.08000001
v 0.78999996 0.01500000 0.01500000
v 0.78999996 0.01500000 0.00000000
v 0.78999996 0.07500000 0.00000000
v 0.78999996 0.00000000 0.01500000
v 0.78999996 0.00000000 0.06500001
v 0.00000000 0.00000000 0.08000001
v 0.06000000 0.00000000 0.00000000
v 0.00000000 0.00000000 0.00000000
v 0.06000000 0.00000000 0.01500000
v 0.06000000 0.00000000 0.06500001
v 0.07500000 0.00000000 0.06500001
v 0.06000000 0.00000000 0.08000001
v 0.07500000 0.00000000 0.01500000
v 0.06000000 2.00499988 0.01500000
v 0.06000000 0.00000000 0.00000000
v 0.06000000 0.00000000 0.01500000
v 0.06000000 2.00499988 0.00000000
v 0.06000000 2.00499988 0.00000000
v 0.06000000 2.00499988 0.01500000
v 0.06000000 0.00000000 0.00000000
v 0.06000000 0.00000000 0.01500000
v 0.07500000 0.00000000 0.01500000
v 0.06000000 2.00499988 0.01500000
v 0.06000000 0.00000000 0.01500000
v 0.07500000 2.00499988 0.01500000
v 0.07500000 2.00499988 0.01500000
v 0.07500000 0.00000000 0.01500000
v 0.06000000 2.00499988 0.01500000
v 0.06000000 0.00000000 0.01500000
v 0.06000000 0.00000000 0.00000000
v 0.00000000 2.00499988 0.00000000
v 0.00000000 0.00000000 0.00000000
v 0.06000000 2.00499988 0.00000000
v 0.06000000 2.00499988 0.00000000
v 0.06000000 0.00000000 0.00000000
v 0.00000000 2.00499988 0.00000000
v 0.00000000 0.00000000 0.00000000
v 0.00000000 2.00499988 0.00000000
v 0.00000000 0.00000000 0.08000001
v 0.00000000 0.00000000 0.00000000
v 0.00000000 2.00499988 0.08000001
v 0.00000000 2.00499988 0.08000001
v 0.00000000 2.00499988 0.00000000
v 0.00000000 0.00000000 0.08000001
v 0.00000000 0.00000000 0.00000000
v 0.06000000 2.00499988 0.08000001
v 0.00000000 0.00000000 0.08000001
v 0.00000000 2.00499988 0.08000001
v 0.06000000 0.00000000 0.08000001
v 0.06000000 0.00000000 0.08000001
v 0.06000000 2.00499988 0.08000001
v 0.00000000 0.00000000 0.08000001
v 0.00000000 2.00499988 0.08000001
v 0.06000000 2.00499988 0.08000001
v 0.06000000 0.00000000 0.06500001
v 0.06000000 0.00000000 0.08000001
v 0.06000000 2.00499988 0.06500001
v 0.06000000 2.00499988 0.06500001
v 0.06000000 2.00499988 0.08000001
v 0.06000000 0.00000000 0.06500001
v 0.06000000 0.00000000 0.08000001
v 0.06000000 2.00499988 0.06500001
v 0.07500000 0.00000000 0.06500001
v 0.06000000 0.00000000 0.06500001
v 0.07500000 2.00499988 0.06500001
v 0.07500000 2.00499988 0.06500001
v 0.06000000 2.00499988 0.06500001
v 0.07500000 0.00000000 0.06500001
v 0.06000000 0.00000000 0.06500001
v 0.00000000 2.00499988 0.08000001
v 0.06000000 2.00499988 0.00000000
v 0.00000000 2.00499988 0.00000000
v 0.06000000 2.00499988 0.01500000
v 0.06000000 2.00499988 0.06500001
v 0.06000000 2.00499988 0.08000001
v 0.07500000 2.00499988 0.06500001
v 0.07500000 2.00499988 0.01500000
v 0.07500000 2.00499988 0.08000001
v 0.01500000 0.00000000 0.08000001
v 0.01500000 2.00499988 0.08000001
v 0.07500000 0.00000000 0.08000001
v 0.07500000 0.00000000 0.08000001
v 0.07500000 2.00499988 0.08000001
v 0.01500000 0.00000000 0.08000001
v 0.01500000 2.00499988 0.08000001
v 0.01500000 2.00499988 0.06500001
v 0.01500000 0.00000000 0.08000001
v 0.01500000 0.00000000 0.06500001
v 0.01500000 2.00499988 0.08000001
v 0.01500000 2.00499988 0.08000001
v 0.01500000 2.00499988 0.06500001
v 0.01500000 0.00000000 0.08000001
v 0.01500000 0.00000000 0.06500001
v 0.07500000 2.00499988 0.08000001
v 0.07500000 0.00000000 0.00000000
v 0.07500000 0.00000000 0.08000001
v 0.07500000 2.00499988 0.00000000
v 0.07500000 2.00499988 0.00000000
v 0.07500000 2.00499988 0.08000001
v 0.07500000 0.00000000 0.00000000
v 0.07500000 0.00000000 0.08000001
v 0.00000000 2.00499988 0.06500001
v 0.01500000 0.00000000 0.06500001
v 0.00000000 0.00000000 0.06500001
v 0.01500000 2.00499988 0.06500001
v 0.01500000 2.00499988 0.06500001
v 0.00000000 2.00499988 0.06500001
v 0.01500000 0.00000000 0.06500001
v 0.00000000 0.00000000 0.06500001
v 0.07500000 0.00000000 0.00000000
v 0.01500000 2.00499988 0.00000000
v 0.01500000 0.00000000 0.00000000
v 0.07500000 2.00499988 0.00000000
v 0.07500000 2.00499988 0.00000000
v 0.07500000 0.00000000 0.00000000
v 0.01500000 2.00499988 0.00000000
v 0.01500000 0.00000000 0.00000000
v 0.01500000 2.00499988 0.00000000
v 0.01500000 0.00000000 0.01500000
v 0.01500000 0.00000000 0.00000000
v 0.01500000 2.00499988 0.01500000
v 0.01500000 2.00499988 0.01500000
v 0.01500000 2.00499988 0.00000000
v 0.01500000 0.00000000 0.01500000
v 0.01500000 0.00000000 0.00000000
v 0.01500000 0.00000000 0.01500000
v 0.00000000 2.00499988 0.01500000
v 0.00000000 0.00000000 0.01500000
v 0.01500000 2.00499988 0.01500000
v 0.01500000 2.00499988 0.01500000
v 0.01500000 0.00000000 0.01500000
v 0.00000000 2.00499988 0.01500000
v 0.00000000 0.00000000 0.01500000
v 0.01500000 2.00499988 0.01500000
v 0.07500000 2.00499988 0.00000000
v 0.01500000 2.00499988 0.00000000
v 0.07500000 2.00499988 0.08000001
v 0.00000000 2.00499988 0.01500000
v 0.01500000 2.00499988 0.06500001
v 0.00000000 2.00499988 0.06500001
v 0.01500000 2.00499988 0.08000001
v 0.00000000 0.00000000 0.06500001
v 0.01500000 0.00000000 0.01500000
v 0.00000000 0.00000000 0.01500000
v 0.01500000 0.00000000 0.00000000
v 0.07500000 0.00000000 0.08000001
v 0.07500000 0.00000000 0.00000000
v 0.01500000 0.00000000 0.06500001
v 0.01500000 0.00000000 0.08000001
v 0.78999996 2.00499988 0.09000000
v 0.78999996 0.00000000 0.14000000
v 0.78999996 0.00000000 0.09000000
v 0.78999996 2.00499988 0.14000000
v 0.78999996 2.00499988 0.14000000
v 0.78999996 2.00499988 0.09000000
v 0.78999996 0.00000000 0.14000000
v 0.78999996 0.00000000 0.09000000
v 0.00000000 0.00000000 0.14000000
v 0.02943367 0.81400001 0.14000000
v 0.00000000 2.00499988 0.14000000
v 0.78999996 0.00000000 0.14000000
v 0.02943367 1.01400006 0.14000000
v 0.07943367 0.81400001 0.14000000
v 0.07943367 1.01400006 0.14000000
v 0.78999996 2.00499988 0.14000000
v 0.78999996 0.00000000 0.14000000
v 0.07943367 1.01400006 0.14000000
v 0.78999996 2.00499988 0.14000000
v 0.02943367 1.01400006 0.14000000
v 0.00000000 2.00499988 0.14000000
v 0.07943367 0.81400001 0.14000000
v 0.02943367 0.81400001 0.14000000
v 0.00000000 0.00000000 0.14000000
v 0.78999996 0.00000000 0.09000000
v 0.00000000 0.00000000 0.14000000
v 0.00000000 0.00000000 0.09000000
v 0.78999996 0.00000000 0.14000000
v 0.78999996 0.00000000 0.14000000
v 0.78999996 0.00000000 0.09000000
v 0.00000000 0.00000000 0.14000000
v 0.00000000 0.00000000 0.09000000
v 0.78999996 2.00499988 0.09000000
v 0.02943367 1.01400006 0.09000000
v 0.00000000 2.00499988 0.09000000
v 0.07943367 1.01400006 0.09000000
v 0.07943367 0.81400001 0.09000000
v 0.78999996 0.00000000 0.09000000
v 0.00000000 0.00000000 0.09000000
v 0.02943367 0.81400001 0.09000000
v 0.07943367 0.81400001 0.09000000
v 0.02943367 0.81400001 0.09000000
v 0.78999996 0.00000000 0.09000000
v 0.02943367 1.01400006 0.09000000
v 0.00000000 2.00499988 0.09000000
v 0.00000000 0.00000000 0.09000000
v 0.78999996 2.00499988 0.09000000
v 0.07943367 1.01400006 0.09000000
v 0.78999996 2.00499988 0.09000000
v 0.00000000 2.00499988 0.14000000
v 0.00000000 2.00499988 0.09000000
v 0.78999996 2.00499988 0.14000000
v 0.78999996 2.00499988 0.14000000
v 0.78999996 2.00499988 0.09000000
v 0.00000000 2.00499988 0.14000000
v 0.00000000 2.00499988 0.09000000
v 0.00000000 2.00499988 0.09000000
v 0.00000000 0.00000000 0.14000000
v 0.00000000 0.00000000 0.09000000
v 0.00000000 2.00499988 0.14000000
v 0.00000000 2.00499988 0.14000000
v 0.00000000 2.00499988 0.09000000
v 0.00000000 0.00000000 0.14000000
v 0.00000000 0.00000000 0.09000000
v 0.17443366 0.95400000 0.00000000
v 0.06475460 0.93400007 0.00000000
v 0.06475460 0.95400000 0.00000000
v 0.17443366 0.93800002 0.00000000
v 0.17443366 0.93800002 0.00000000
v 0.17443366 0.95400000 0.00000000
v 0.06475460 0.93400007 0.00000000
v 0.06475460 0.95400000 0.00000000
v 0.06540933 0.93400007 0.02000000
v 0.06475460 0.93400007 0.00000000
v 0.17443366 0.93800002 0.00000000
v 0.17443366 0.93800002 0.00000000
v 0.06475460 0.93400007 0.00000000
v 0.06540933 0.93400007 0.02000000
v 0.06475460 0.95400000 0.00000000
v 0.05498311 0.93400007 0.00326454
v 0.05498311 0.95400000 0.00326454
v 0.06475460 0.93400007 0.00000000
v 0.06475460 0.93400007 0.00000000
v 0.06475460 0.95400000 0.00000000
v 0.05498311 0.93400007 0.00326454
v 0.05498311 0.95400000 0.00326454
v 0.04443367 0.95400000 0.02032093
v 0.06540933 0.95400000 0.02000000
v 0.04769821 0.95400000 0.01054943
v 0.06443368 0.95400000 0.02097566
v 0.05498311 0.95400000 0.00326454
v 0.17443366 0.95400000 0.00000000
v 0.06475460 0.95400000 0.00000000
v 0.17443366 0.95400000 0.02000000
v 0.06540933 0.95400000 0.02000000
v 0.04769821 0.95400000 0.01054943
v 0.17443366 0.95400000 0.02000000
v 0.05498311 0.95400000 0.00326454
v 0.17443366 0.95400000 0.00000000
v 0.06475460 0.95400000 0.00000000
v 0.06443368 0.95400000 0.02097566
v 0.04443367 0.95400000 0.02032093
v 0.17443366 0.95400000 0.00000000
v 0.17443366 0.93800002 0.02000000
v 0.17443366 0.93800002 0.00000000
v 0.17443366 0.95400000 0.02000000
v 0.17443366 0.95400000 0.02000000
v 0.17443366 0.95400000 0.00000000
v 0.17443366 0.93800002 0.02000000
v 0.17443366 0.93800002 0.00000000
v 0.06540933 0.93400007 0.02000000
v 0.05498311 0.93400007 0.00326454
v 0.06475460 0.93400007 0.00000000
v 0.06475460 0.93400007 0.00000000
v 0.05498311 0.93400007 0.00326454
v 0.06540933 0.93400007 0.02000000
v 0.17443366 0.93800002 0.02000000
v 0.06540933 0.93400007 0.02000000
v 0.17443366 0.93800002 0.00000000
v 0.17443366 0.93800002 0.00000000
v 0.06540933 0.93400007 0.02000000
v 0.17443366 0.93800002 0.02000000
v 0.05498311 0.95400000 0.00326454
v 0.04769821 0.93400007 0.01054943
v 0.04769821 0.95400000 0.01054943
v 0.05498311 0.93400007 0.00326454
v 0.05498311 0.93400007 0.00326454
v 0.05498311 0.95400000 0.00326454
v 0.04769821 0.93400007 0.01054943
v 0.04769821 0.95400000 0.01054943
v 0.04443367 0.93400007 0.02032093
v 0.04769821 0.95400000 0.01054943
v 0.04769821 0.93400007 0.01054943
v 0.04443367 0.95400000 0.02032093
v 0.04443367 0.95400000 0.02032093
v 0.04443367 0.93400007 0.02032093
v 0.04769821 0.95400000 0.01054943
v 0.04769821 0.93400007 0.01054943
v 0.04443367 0.95400000 0.08000001
v 0.06443368 0.95400000 0.02097566
v 0.04443367 0.95400000 0.02032093
v 0.06443368 0.95400000 0.08000001
v 0.06443368 0.95400000 0.08000001
v 0.04443367 0.95400000 0.08000001
v 0.06443368 0.95400000 0.02097566
v 0.04443367 0.95400000 0.02032093
v 0.06443368 0.95400000 0.02097566
v 0.04443367 0.93400007 0.02032093
v 0.04443367 0.95400000 0.02032093
v 0.06443368 0.93400007 0.02097566
v 0.06443368 0.93400007 0.02097566
v 0.06443368 0.95400000 0.02097566
v 0.04443367 0.93400007 0.02032093
v 0.04443367 0.95400000 0.02032093
v 0.06540933 0.95400000 0.02000000
v 0.06443368 0.93400007 0.02097566
v 0.06540933 0.93400007 0.02000000
v 0.06443368 0.95400000 0.02097566
v 0.06443368 0.95400000 0.02097566
v 0.06540933 0.95400000 0.02000000
v 0.06443368 0.93400007 0.02097566
v 0.06540933 0.93400007 0.02000000
v 0.17443366 0.93800002 0.02000000
v 0.06540933 0.95400000 0.02000000
v 0.06540933 0.93400007 0.02000000
v 0.17443366 0.95400000 0.02000000
v 0.17443366 0.95400000 0.02000000
v 0.17443366 0.93800002 0.02000000
v 0.06540933 0.95400000 0.02000000
v 0.06540933 0.93400007 0.02000000
v 0.06540933 0.93400007 0.02000000
v 0.04769821 0.93400007 0.01054943
v 0.05498311 0.93400007 0.00326454
v 0.05498311 0.93400007 0.00326454
v 0.04769821 0.93400007 0.01054943
v 0.06540933 0.93400007 0.02000000
v 0.06540933 0.93400007 0.02000000
v 0.04443367 0.93400007 0.02032093
v 0.04769821 0.93400007 0.01054943
v 0.06443368 0.93400007 0.02097566
v 0.06443368 0.93400007 0.02097566
v 0.06540933 0.93400007 0.02000000
v 0.04443367 0.93400007 0.02032093
v 0.04769821 0.93400007 0.01054943
v 0.04443367 0.95400000 0.08000001
v 0.04443367 0.93400007 0.02032093
v 0.04443367 0.93400007 0.08000001
v 0.04443367 0.95400000 0.02032093
v 0.04443367 0.95400000 0.02032093
v 0.04443367 0.95400000 0.08000001
v 0.04443367 0.93400007 0.02032093
v 0.04443367 0.93400007 0.08000001
v 0.06443368 0.93400007 0.08000001
v 0.04443367 0.95400000 0.08000001
v 0.04443367 0.93400007 0.08000001
v 0.06443368 0.95400000 0.08000001
v 0.06443368 0.95400000 0.08000001
v 0.06443368 0.93400007 0.08000001
v 0.04443367 0.95400000 0.08000001
v 0.04443367 0.93400007 0.08000001
v 0.06443368 0.95400000 0.02097566
v 0.06443368 0.93400007 0.08000001
v 0.06443368 0.93400007 0.02097566
v 0.06443368 0.95400000 0.08000001
v 0.06443368 0.95400000 0.08000001
v 0.06443368 0.95400000 0.02097566
v 0.06443368 0.93400007 0.08000001
v 0.06443368 0.93400007 0.02097566
v 0.06443368 0.93400007 0.02097566
v 0.04443367 0.93400007 0.08000001
v 0.06443368 0.93400007 0.08000001
v 0.06443368 0.93400007 0.08000001
v 0.06443368 0.93400007 0.02097566
v 0.04443367 0.93400007 0.08000001
v 0.04443367 0.93400007 0.02032093
v 0.02943367 1.01400006 0.14000000
v 0.02943367 0.81400001 0.15000001
v 0.02943367 0.81400001 0.14000000
v 0.02943367 1.01400006 0.15000001
v 0.02943367 1.01400006 0.15000001
v 0.02943367 1.01400006 0.14000000
v 0.02943367 0.81400001 0.15000001
v 0.02943367 0.81400001 0.14000000
v 0.07943367 1.01400006 0.15000001
v 0.02943367 1.01400006 0.14000000
v 0.07943367 1.01400006 0.14000000
v 0.02943367 1.01400006 0.15000001
v 0.02943367 1.01400006 0.15000001
v 0.07943367 1.01400006 0.15000001
v 0.02943367 1.01400006 0.14000000
v 0.07943367 1.01400006 0.14000000
v 0.02943367 1.01400006 0.15000001
v 0.04443367 0.95400000 0.15000001
v 0.02943367 0.81400001 0.15000001
v 0.07943367 1.01400006 0.15000001
v 0.06443368 0.95400000 0.15000001
v 0.06443368 0.93400007 0.15000001
v 0.04443367 0.93400007 0.15000001
v 0.07943367 0.81400001 0.15000001
v 0.07943367 1.01400006 0.15000001
v 0.06443368 0.93400007 0.15000001
v 0.07943367 0.81400001 0.15000001
v 0.04443367 0.93400007 0.15000001
v 0.04443367 0.95400000 0.15000001
v 0.02943367 0.81400001 0.15000001
v 0.06443368 0.95400000 0.15000001
v 0.02943367 1.01400006 0.15000001
v 0.02943367 0.81400001 0.14000000
v 0.07943367 0.81400001 0.15000001
v 0.07943367 0.81400001 0.14000000
v 0.02943367 0.81400001 0.15000001
v 0.02943367 0.81400001 0.15000001
v 0.02943367 0.81400001 0.14000000
v 0.07943367 0.81400001 0.15000001
v 0.07943367 0.81400001 0.14000000
v 0.07943367 1.01400006 0.15000001
v 0.07943367 0.81400001 0.14000000
v 0.07943367 0.81400001 0.15000001
v 0.07943367 1.01400006 0.14000000
v 0.07943367 1.01400006 0.14000000
v 0.07943367 1.01400006 0.15000001
v 0.07943367 0.81400001 0.14000000
v 0.07943367 0.81400001 0.15000001
v 0.02943367 1.01400006 0.08000001
v 0.02943367 0.81400001 0.09000000
v 0.02943367 0.81400001 0.08000001
v 0.02943367 1.01400006 0.09000000
v 0.02943367 1.01400006 0.09000000
v 0.02943367 1.01400006 0.08000001
v 0.02943367 0.81400001 0.09000000
v 0.02943367 0.81400001 0.08000001
v 0.02943367 0.81400001 0.09000000
v 0.07943367 0.81400001 0.08000001
v 0.02943367 0.81400001 0.08000001
v 0.07943367 0.81400001 0.09000000
v 0.07943367 0.81400001 0.09000000
v 0.02943367 0.81400001 0.09000000
v 0.07943367 0.81400001 0.08000001
v 0.02943367 0.81400001 0.08000001
v 0.02943367 0.81400001 0.08000001
v 0.04443367 0.93400007 0.08000001
v 0.02943367 1.01400006 0.08000001
v 0.07943367 0.81400001 0.08000001
v 0.06443368 0.93400007 0.08000001
v 0.06443368 0.95400000 0.08000001
v 0.04443367 0.95400000 0.08000001
v 0.07943367 1.01400006 0.08000001
v 0.07943367 0.81400001 0.08000001
v 0.06443368 0.95400000 0.08000001
v 0.07943367 1.01400006 0.08000001
v 0.04443367 0.95400000 0.08000001
v 0.04443367 0.93400007 0.08000001
v 0.02943367 1.01400006 0.08000001
v 0.06443368 0.93400007 0.08000001
v 0.02943367 0.81400001 0.08000001
v 0.07943367 1.01400006 0.08000001
v 0.02943367 1.01400006 0.09000000
v 0.02943367 1.01400006 0.08000001
v 0.07943367 1.01400006 0.09000000
v 0.07943367 1.01400006 0.09000000
v 0.07943367 1.01400006 0.08000001
v 0.02943367 1.01400006 0.09000000
v 0.02943367 1.01400006 0.08000001
v 0.07943367 1.01400006 0.09000000
v 0.07943367 0.81400001 0.08000001
v 0.07943367 0.81400001 0.09000000
v 0.07943367 1.01400006 0.08000001
v 0.07943367 1.01400006 0.08000001
v 0.07943367 1.01400006 0.09000000
v 0.07943367 0.81400001 0.08000001
v 0.07943367 0.81400001 0.09000000
v 0.02943367 0.81400001 0.14000000
v 0.07943367 1.01400006 0.14000000
v 0.02943367 1.01400006 0.14000000
v 0.07943367 0.81400001 0.14000000
v 0.07943367 0.81400001 0.14000000
v 0.02943367 0.81400001 0.14000000
v 0.07943367 1.01400006 0.14000000
v 0.02943367 1.01400006 0.14000000
v 0.17443366 0.95400000 0.21000002
v 0.17443366 0.93800002 0.23000000
v 0.17443366 0.93800002 0.21000002
v 0.17443366 0.95400000 0.23000000
v 0.17443366 0.95400000 0.23000000
v 0.17443366 0.95400000 0.21000002
v 0.17443366 0.93800002 0.23000000
v 0.17443366 0.93800002 0.21000002
v 0.17443366 0.93800002 0.23000000
v 0.06540933 0.93400007 0.21000002
v 0.17443366 0.93800002 0.21000002
v 0.17443366 0.93800002 0.21000002
v 0.06540933 0.93400007 0.21000002
v 0.17443366 0.93800002 0.23000000
v 0.17443366 0.95400000 0.21000002
v 0.06540933 0.93400007 0.21000002
v 0.06540933 0.95400000 0.21000002
v 0.17443366 0.93800002 0.21000002
v 0.17443366 0.93800002 0.21000002
v 0.17443366 0.95400000 0.21000002
v 0.06540933 0.93400007 0.21000002
v 0.06540933 0.95400000 0.21000002
v 0.04443367 0.95400000 0.20967908
v 0.06540933 0.95400000 0.21000002
v 0.06443368 0.95400000 0.20902435
v 0.04769821 0.95400000 0.21945058
v 0.17443366 0.95400000 0.23000000
v 0.17443366 0.95400000 0.21000002
v 0.05498311 0.95400000 0.22673546
v 0.06475460 0.95400000 0.23000000
v 0.06475460 0.95400000 0.23000000
v 0.05498311 0.95400000 0.22673546
v 0.17443366 0.95400000 0.23000000
v 0.04769821 0.95400000 0.21945058
v 0.06540933 0.95400000 0.21000002
v 0.17443366 0.95400000 0.21000002
v 0.04443367 0.95400000 0.20967908
v 0.06443368 0.95400000 0.20902435
v 0.17443366 0.93800002 0.23000000
v 0.06475460 0.95400000 0.23000000
v 0.06475460 0.93400007 0.23000000
v 0.17443366 0.95400000 0.23000000
v 0.17443366 0.95400000 0.23000000
v 0.17443366 0.93800002 0.23000000
v 0.06475460 0.95400000 0.23000000
v 0.06475460 0.93400007 0.23000000
v 0.06475460 0.93400007 0.23000000
v 0.06540933 0.93400007 0.21000002
v 0.17443366 0.93800002 0.23000000
v 0.17443366 0.93800002 0.23000000
v 0.06540933 0.93400007 0.21000002
v 0.06475460 0.93400007 0.23000000
v 0.06443368 0.95400000 0.20902435
v 0.06540933 0.93400007 0.21000002
v 0.06443368 0.93400007 0.20902435
v 0.06540933 0.95400000 0.21000002
v 0.06540933 0.95400000 0.21000002
v 0.06443368 0.95400000 0.20902435
v 0.06540933 0.93400007 0.21000002
v 0.06443368 0.93400007 0.20902435
v 0.04769821 0.95400000 0.21945058
v 0.04443367 0.93400007 0.20967908
v 0.04769821 0.93400007 0.21945058
v 0.04443367 0.95400000 0.20967908
v 0.04443367 0.95400000 0.20967908
v 0.04769821 0.95400000 0.21945058
v 0.04443367 0.93400007 0.20967908
v 0.04769821 0.93400007 0.21945058
v 0.05498311 0.93400007 0.22673546
v 0.04769821 0.95400000 0.21945058
v 0.04769821 0.93400007 0.21945058
v 0.05498311 0.95400000 0.22673546
v 0.05498311 0.95400000 0.22673546
v 0.05498311 0.93400007 0.22673546
v 0.04769821 0.95400000 0.21945058
v 0.04769821 0.93400007 0.21945058
v 0.06475460 0.93400007 0.23000000
v 0.05498311 0.95400000 0.22673546
v 0.05498311 0.93400007 0.22673546
v 0.06475460 0.95400000 0.23000000
v 0.06475460 0.95400000 0.23000000
v 0.06475460 0.93400007 0.23000000
v 0.05498311 0.95400000 0.22673546
v 0.05498311 0.93400007 0.22673546
v 0.04443367 0.95400000 0.20967908
v 0.06443368 0.95400000 0.15000001
v 0.04443367 0.95400000 0.15000001
v 0.06443368 0.95400000 0.20902435
v 0.04443367 0.95400000 0.20967908
v 0.06443368 0.95400000 0.15000001
v 0.04443367 0.95400000 0.15000001
v 0.06443368 0.93400007 0.20902435
v 0.04443367 0.95400000 0.20967908
v 0.04443367 0.93400007 0.20967908
v 0.06443368 0.95400000 0.20902435
v 0.06443368 0.95400000 0.20902435
v 0.06443368 0.93400007 0.20902435
v 0.04443367 0.95400000 0.20967908
v 0.04443367 0.93400007 0.20967908
v 0.06475460 0.93400007 0.23000000
v 0.05498311 0.93400007 0.22673546
v 0.06540933 0.93400007 0.21000002
v 0.06540933 0.93400007 0.21000002
v 0.05498311 0.93400007 0.22673546
v 0.06475460 0.93400007 0.23000000
v 0.06540933 0.93400007 0.21000002
v 0.04443367 0.93400007 0.20967908
v 0.06443368 0.93400007 0.20902435
v 0.04769821 0.93400007 0.21945058
v 0.04769821 0.93400007 0.21945058
v 0.06540933 0.93400007 0.21000002
v 0.04443367 0.93400007 0.20967908
v 0.06443368 0.93400007 0.20902435
v 0.06443368 0.95400000 0.15000001
v 0.06443368 0.93400007 0.20902435
v 0.06443368 0.93400007 0.15000001
v 0.06443368 0.95400000 0.20902435
v 0.06443368 0.95400000 0.20902435
v 0.06443368 0.95400000 0.15000001
v 0.06443368 0.93400007 0.20902435
v 0.06443368 0.93400007 0.15000001
v 0.04443367 0.95400000 0.20967908
v 0.04443367 0.93400007 0.15000001
v 0.04443367 0.93400007 0.20967908
v 0.04443367 0.95400000 0.15000001
v 0.04443367 0.95400000 0.15000001
v 0.04443367 0.95400000 0.20967908
v 0.04443367 0.93400007 0.15000001
v 0.04443367 0.93400007 0.20967908
v 0.05498311 0.93400007 0.22673546
v 0.04769821 0.93400007 0.21945058
v 0.06540933 0.93400007 0.21000002
v 0.06540933 0.93400007 0.21000002
v 0.04769821 0.93400007 0.21945058
v 0.05498311 0.93400007 0.22673546
v 0.06443368 0.95400000 0.15000001
v 0.04443367 0.93400007 0.15000001
v 0.04443367 0.95400000 0.15000001
v 0.06443368 0.93400007 0.15000001
v 0.06443368 0.93400007 0.15000001
v 0.06443368 0.95400000 0.15000001
v 0.04443367 0.93400007 0.15000001
v 0.04443367 0.95400000 0.15000001
v 0.06443368 0.93400007 0.20902435
v 0.04443367 0.93400007 0.15000001
v 0.06443368 0.93400007 0.15000001
v 0.04443367 0.93400007 0.20967908
v 0.04443367 0.93400007 0.20967908
v 0.06443368 0.93400007 0.20902435
v 0.04443367 0.93400007 0.15000001
v 0.06443368 0.93400007 0.15000001
v 0.07943367 1.01400006 0.09000000
v 0.02943367 0.81400001 0.09000000
v 0.02943367 1.01400006 0.09000000
v 0.07943367 0.81400001 0.09000000
v 0.07943367 0.81400001 0.09000000
v 0.07943367 1.01400006 0.09000000
v 0.02943367 0.81400001 0.09000000
v 0.02943367 1.01400006 0.09000000
vn -0.00000000 1.00000000 0.00000000
vn -0.00000000 1.00000000 0.00000000
vn -0.00000000 1.00000000 0.00000000
vn -0.00000000 1.00000000 0.00000000
vn -0.00000000 1.00000000 0.00000000
vn -0.00000000 1.00000000 0.00000000
vn -0.00000000 1.00000000 0.00000000
vn -0.00000000 1.00000000 0.00000000
vn 0.00000000 -1.00000000 -0.00000000
vn 0.00000000 -1.00000000 -0.00000000
vn 0.00000000 -1.00000000 -0.00000000
vn 0.00000000 -1.00000000 -0.00000000
vn 0.00000000 -1.00000000 -0.00000000
vn 0.00000000 -1.00000000 -0.00000000
vn 0.00000000 -1.00000000 -0.00000000
vn 0.00000000 -1.00000000 -0.00000000
vn -0.00000000 0.00000000 -1.00000000
vn -0.00000000 0.00000000 -1.00000000
vn -0.00000000 0.00000000 -1.00000000
vn -0.00000000 0.00000000 -1.00000000
vn 0.00000000 -0.00000000 1.00000000
vn 0.00000000 -0.00000000 1.00000000
vn 0.00000000 -0.00000000 1.00000000
vn 0.00000000 -0.00000000 1.00000000
vn 0.00000000 -0.00000000 1.00000000
vn 0.00000000 -0.00000000 1.00000000
vn 0.00000000 -0.00000000 1.00000000
vn 0.00000000 -0.00000000 1.00000000
vn -0.00000000 0.00000000 -1.00000000
vn -0.00000000 0.00000000 -1.00000000
vn -0.00000000 0.00000000 -1.00000000
vn -0.00000000 0.00000000 -1.00000000
vn -1.00000000 0.00000000 0.00000000
vn -1.00000000 0.00000000 0.00000000
vn -1.00000000 0.00000000 0.00000000
vn -1.00000000 0.00000000 0.00000000
vn 1.00000000 -0.00000000 -0.00000000
vn 1.00000000 -0.00000000 -0.00000000
vn 1.00000000 -0.00000000 -0.00000000
vn 1.00000000 -0.00000000 -0.00000000
vn 0.00000000 0.00000000 1.00000000
vn 0.00000000 0.00000000 1.00000000
vn 0.00000000 0.00000000 1.00000000
vn 0.00000000 0.00000000 1.00000000
vn -0.00000000 -0.00000000 -1.00000000
vn -0.00000000 -0.00000000 -1.00000000
vn -0.00000000 -0.00000000 -1.00000000
vn -0.00000000 -0.00000000 -1.00000000
vn 1.00000000 0.00000000 0.00000000
vn 1.00000000 0.00000000 0.00000000
vn 1.00000000 0.00000000 0.00000000
vn 1.00000000 0.00000000 0.00000000
vn -1.00000000 -0.00000000 -0.00000000
vn -1.00000000 -0.00000000 -0.00000000
vn -1.00000000 -0.00000000 -0.00000000
vn -1.00000000 -0.00000000 -0.00000000
vn -0.00000000 -0.00000000 -1.00000000
vn -0.00000000 -0.00000000 -1.00000000
vn -0.00000000 -0.00000000 -1.00000000
vn -0.00000000 -0.00000000 -1.00000000
vn 0.00000000 0.00000000 1.00000000
vn 0.00000000 0.00000000 1.00000000
vn 0.00000000 0.00000000 1.00000000
vn 0.00000000 0.00000000 1.00000000
vn -1.00000000 0.00000000 0.00000000
vn -1.00000000 0.00000000 0.00000000
vn -1.00000000 0.00000000 0.00000000
vn -1.00000000 0.00000000 0.00000000
vn 1.00000000 -0.00000000 -0.00000000
vn 1.00000000 -0.00000000 -0.00000000
vn 1.00000000 -0.00000000 -0.00000000
vn 1.00000000 -0.00000000 -0.00000000
vn -0.00000000 0.00000000 1.00000000
vn -0.00000000 0.00000000 1.00000000
vn -0.00000000 0.00000000 1.00000000
vn -0.00000000 0.00000000 1.00000000
vn 0.00000000 -0.00000000 -1.00000000
vn 0.00000000 -0.00000000 -1.00000000
vn 0.00000000 -0.00000000 -1.00000000
vn 0.00000000 -0.00000000 -1.00000000
vn 1.00000000 0.00000000 0.00000000
vn 1.00000000 0.00000000 0.00000000
vn 1.00000000 0.00000000 0.00000000
vn 1.00000000 0.00000000 0.00000000
vn -1.00000000 -0.00000000 -0.00000000
vn -1.00000000 -0.00000000 -0.00000000
vn -1.00000000 -0.00000000 -0.00000000
vn -1.00000000 -0.00000000 -0.00000000
vn -0.00000000 1.00000000 0.00000000
vn -0.00000000 1.00000000 0.00000000
vn -0.00000000 1.00000000 0.00000000
vn -0.00000000 1.00000000 0.00000000
vn -0.00000000 1.00000000 0.00000000
vn -0.00000000 1.00000000 0.00000000
vn -0.00000000 1.00000000 0.00000000
vn -0.00000000 1.00000000 0.00000000
vn 0.00000000 -1.00000000 -0.00000000
vn 0.00000000 -1.00000000 -0.00000000
vn 0.00000000 -1.00000000 -0.00000000
vn 0.00000000 -1.00000000 -0.00000000
vn 0.00000000 -1.00000000 -0.00000000
vn 0.00000000 -1.00000000 -0.00000000
vn 0.00000000 -1.00000000 -0.00000000
vn 0.00000000 -1.00000000 -0.00000000
vn 0.00000000 0.00000000 1.00000000
vn 0.00000000 0.00000000 1.00000000
vn 0.00000000 0.00000000 1.00000000
vn 0.00000000 0.00000000 1.00000000
vn -0.00000000 -0.00000000 -1.00000000
vn -0.00000000 -0.00000000 -1.00000000
vn -0.00000000 -0.00000000 -1.00000000
vn -0.00000000 -0.00000000 -1.00000000
vn 0.00000000 -0.00000000 -1.00000000
vn 0.00000000 -0.00000000 -1.00000000
vn 0.00000000 -0.00000000 -1.00000000
vn 0.00000000 -0.00000000 -1.00000000
vn -0.00000000 0.00000000 1.00000000
vn -0.00000000 0.00000000 1.00000000
vn -0.00000000 0.00000000 1.00000000
vn -0.00000000 0.00000000 1.00000000
vn 1.00000000 0.00000000 0.00000000
vn 1.00000000 0.00000000 0.00000000
vn 1.00000000 0.00000000 0.00000000
vn 1.00000000 0.00000000 0.00000000
vn -1.00000000 -0.00000000 -0.00000000
vn -1.00000000 -0.00000000 -0.00000000
vn -1.00000000 -0.00000000 -0.00000000
vn -1.00000000 -0.00000000 -0.00000000
vn -0.00000000 -0.00000000 -1.00000000
vn -0.00000000 -0.00000000 -1.00000000
vn -0.00000000 -0.00000000 -1.00000000
vn -0.00000000 -0.00000000 -1.00000000
vn 0.00000000 0.00000000 1.00000000
vn 0.00000000 0.00000000 1.00000000
vn 0.00000000 0.00000000 1.00000000
vn 0.00000000 0.00000000 1.00000000
vn -1.00000000 0.00000000 0.00000000
vn -1.00000000 0.00000000 0.00000000
vn -1.00000000 0.00000000 0.00000000
vn -1.00000000 0.00000000 0.00000000
vn 1.00000000 -0.00000000 -0.00000000
vn 1.00000000 -0.00000000 -0.00000000
vn 1.00000000 -0.00000000 -0.00000000
vn 1.00000000 -0.00000000 -0.00000000
vn 0.00000000 1.00000000 0.00000000
vn 0.00000000 1.00000000 0.00000000
vn 0.00000000 1.00000000 0.00000000
vn 0.00000000 1.00000000 0.00000000
vn -0.00000000 -1.00000000 -0.00000000
vn -0.00000000 -1.00000000 -0.00000000
vn -0.00000000 -1.00000000 -0.00000000
vn -0.00000000 -1.00000000 -0.00000000
vn 0.00000000 0.00000000 1.00000000
vn 0.00000000 0.00000000 1.00000000
vn 0.00000000 0.00000000 1.00000000
vn 0.00000000 0.00000000 1.00000000
vn -0.00000000 -0.00000000 -1.00000000
vn -0.00000000 -0.00000000 -1.00000000
vn -0.00000000 -0.00000000 -1.00000000
vn -0.00000000 -0.00000000 -1.00000000
vn -0.00000000 -0.00000000 1.00000000
vn -0.00000000 -0.00000000 1.00000000
vn -0.00000000 -0.00000000 1.00000000
vn -0.00000000 -0.00000000 1.00000000
vn -0.00000000 -0.00000000 1.00000000
vn -0.00000000 -0.00000000 1.00000000
vn 0.00000000 0.00000000 -1.00000000
vn 0.00000000 0.00000000 -1.00000000
vn 0.00000000 0.00000000 -1.00000000
vn 0.00000000 0.00000000 -1.00000000
vn 0.00000000 0.00000000 -1.00000000
vn 0.00000000 0.00000000 -1.00000000
vn -1.00000000 0.00000000 0.00000000
vn -1.00000000 0.00000000 0.00000000
vn -1.00000000 0.00000000 0.00000000
vn -1.00000000 0.00000000 0.00000000
vn 1.00000000 -0.00000000 -0.00000000
vn 1.00000000 -0.00000000 -0.00000000
vn 1.00000000 -0.00000000 -0.00000000
vn 1.00000000 -0.00000000 -0.00000000
vn 1.00000000 0.00000000 0.00000000
vn 1.00000000 0.00000000 0.00000000
vn 1.00000000 0.00000000 0.00000000
vn 1.00000000 0.00000000 0.00000000
vn -1.00000000 -0.00000000 -0.00000000
vn -1.00000000 -0.00000000 -0.00000000
vn -1.00000000 -0.00000000 -0.00000000
vn -1.00000000 -0.00000000 -0.00000000
vn 0.00000000 -1.00000000 0.00000000
vn 0.00000000 -1.00000000 0.00000000
vn 0.00000000 -1.00000000 0.00000000
vn 0.00000000 -1.00000000 0.00000000
vn -0.00000000 1.00000000 -0.00000000
vn -0.00000000 1.00000000 -0.00000000
vn -0.00000000 1.00000000 -0.00000000
vn -0.00000000 1.00000000 -0.00000000
vn 0.00000000 0.00000000 -1.00000000
vn 0.00000000 0.00000000 -1.00000000
vn 0.00000000 0.00000000 -1.00000000
vn 0.00000000 0.00000000 -1.00000000
vn 0.00000000 0.00000000 -1.00000000
vn 0.00000000 0.00000000 -1.00000000
vn -0.00000000 -0.00000000 1.00000000
vn -0.00000000 -0.00000000 1.00000000
vn -0.00000000 -0.00000000 1.00000000
vn -0.00000000 -0.00000000 1.00000000
vn -0.00000000 -0.00000000 1.00000000
vn -0.00000000 -0.00000000 1.00000000
vn -1.00000000 0.00000000 -0.00000000
vn -1.00000000 0.00000000 -0.00000000
vn -1.00000000 0.00000000 -0.00000000
vn -1.00000000 0.00000000 -0.00000000
vn 1.00000000 -0.00000000 0.00000000
vn 1.00000000 -0.00000000 0.00000000
vn 1.00000000 -0.00000000 0.00000000
vn 1.00000000 -0.00000000 0.00000000
vn 0.00000000 1.00000000 0.00000000
vn 0.00000000 1.00000000 0.00000000
vn 0.00000000 1.00000000 0.00000000
vn 0.00000000 1.00000000 0.00000000
vn -0.00000000 -1.00000000 -0.00000000
vn -0.00000000 -1.00000000 -0.00000000
vn -0.00000000 -1.00000000 -0.00000000
vn -0.00000000 -1.00000000 -0.00000000
vn -0.00000000 0.00000000 -1.00000000
vn -0.00000000 0.00000000 -1.00000000
vn -0.00000000 0.00000000 -1.00000000
vn -0.00000000 0.00000000 -1.00000000
vn 0.00000000 -0.00000000 1.00000000
vn 0.00000000 -0.00000000 1.00000000
vn 0.00000000 -0.00000000 1.00000000
vn 0.00000000 -0.00000000 1.00000000
vn 1.00000000 0.00000000 0.00000000
vn 1.00000000 0.00000000 0.00000000
vn 1.00000000 0.00000000 0.00000000
vn 1.00000000 0.00000000 0.00000000
vn -1.00000000 -0.00000000 -0.00000000
vn -1.00000000 -0.00000000 -0.00000000
vn -1.00000000 -0.00000000 -0.00000000
vn -1.00000000 -0.00000000 -0.00000000
vn 0.00000000 0.00000000 1.00000000
vn 0.00000000 0.00000000 1.00000000
vn 0.00000000 0.00000000 1.00000000
vn 0.00000000 0.00000000 1.00000000
vn -0.00000000 -0.00000000 -1.00000000
vn -0.00000000 -0.00000000 -1.00000000
vn -0.00000000 -0.00000000 -1.00000000
vn -0.00000000 -0.00000000 -1.00000000
vn -0.00000000 0.00000000 1.00000000
vn -0.00000000 0.00000000 1.00000000
vn -0.00000000 0.00000000 1.00000000
vn -0.00000000 0.00000000 1.00000000
vn -0.00000000 0.00000000 1.00000000
vn -0.00000000 0.00000000 1.00000000
vn 0.00000000 -0.00000000 -1.00000000
vn 0.00000000 -0.00000000 -1.00000000
vn 0.00000000 -0.00000000 -1.00000000
vn 0.00000000 -0.00000000 -1.00000000
vn 0.00000000 -0.00000000 -1.00000000
vn 0.00000000 -0.00000000 -1.00000000
vn 0.00000000 1.00000000 0.00000000
vn 0.00000000 1.00000000 0.00000000
vn 0.00000000 1.00000000 0.00000000
vn 0.00000000 1.00000000 0.00000000
vn -0.00000000 -1.00000000 -0.00000000
vn -0.00000000 -1.00000000 -0.00000000
vn -0.00000000 -1.00000000 -0.00000000
vn -0.00000000 -1.00000000 -0.00000000
vn -1.00000000 0.00000000 0.00000000
vn -1.00000000 0.00000000 0.00000000
vn -1.00000000 0.00000000 0.00000000
vn -1.00000000 0.00000000 0.00000000
vn 1.00000000 -0.00000000 -0.00000000
vn 1.00000000 -0.00000000 -0.00000000
vn 1.00000000 -0.00000000 -0.00000000
vn 1.00000000 -0.00000000 -0.00000000
vn 0.00000000 -1.00000000 0.00000000
vn 0.00000000 -1.00000000 0.00000000
vn 0.00000000 -1.00000000 0.00000000
vn 0.00000000 -1.00000000 0.00000000
vn -0.00000000 1.00000000 -0.00000000
vn -0.00000000 1.00000000 -0.00000000
vn -0.00000000 1.00000000 -0.00000000
vn -0.00000000 1.00000000 -0.00000000
vn 0.00000000 0.00000000 -1.00000000
vn 0.00000000 0.00000000 -1.00000000
vn 0.00000000 0.00000000 -1.00000000
vn 0.00000000 0.00000000 -1.00000000
vn 0.00000000 0.00000000 -1.00000000
vn 0.00000000 0.00000000 -1.00000000
vn -0.00000000 -0.00000000 1.00000000
vn -0.00000000 -0.00000000 1.00000000
vn -0.00000000 -0.00000000 1.00000000
vn -0.00000000 -0.00000000 1.00000000
vn -0.00000000 -0.00000000 1.00000000
vn -0.00000000 -0.00000000 1.00000000
vn 1.00000000 0.00000000 0.00000000
vn 1.00000000 0.00000000 0.00000000
vn 1.00000000 0.00000000 0.00000000
vn 1.00000000 0.00000000 0.00000000
vn -1.00000000 -0.00000000 -0.00000000
vn -1.00000000 -0.00000000 -0.00000000
vn -1.00000000 -0.00000000 -0.00000000
vn -1.00000000 -0.00000000 -0.00000000
vn 0.00000000 1.00000000 0.00000000
vn 0.00000000 1.00000000 0.00000000
vn 0.00000000 1.00000000 0.00000000
vn 0.00000000 1.00000000 0.00000000
vn -0.00000000 -1.00000000 -0.00000000
vn -0.00000000 -1.00000000 -0.00000000
vn -0.00000000 -1.00000000 -0.00000000
vn -0.00000000 -1.00000000 -0.00000000
vn -0.00000000 0.00000000 -1.00000000
vn -0.00000000 0.00000000 -1.00000000
vn -0.00000000 0.00000000 -1.00000000
vn -0.00000000 0.00000000 -1.00000000
vn 0.00000000 -0.00000000 1.00000000
vn 0.00000000 -0.00000000 1.00000000
vn 0.00000000 -0.00000000 1.00000000
vn 0.00000000 -0.00000000 1.00000000
vn -0.00000000 -1.00000000 -0.00000000
vn -0.00000000 -1.00000000 -0.00000000
vn -0.00000000 -1.00000000 -0.00000000
vn -0.00000000 -1.00000000 -0.00000000
vn 0.00000000 1.00000000 0.00000000
vn 0.00000000 1.00000000 0.00000000
vn 0.00000000 1.00000000 0.00000000
vn 0.00000000 1.00000000 0.00000000
vn -0.00000000 0.00000000 1.00000000
vn -0.00000000 0.00000000 1.00000000
vn -0.00000000 0.00000000 1.00000000
vn -0.00000000 0.00000000 1.00000000
vn 0.00000000 -0.00000000 -1.00000000
vn 0.00000000 -0.00000000 -1.00000000
vn 0.00000000 -0.00000000 -1.00000000
vn 0.00000000 -0.00000000 -1.00000000
vn 1.00000000 0.00000000 0.00000000
vn 1.00000000 0.00000000 0.00000000
vn 1.00000000 0.00000000 0.00000000
vn 1.00000000 0.00000000 0.00000000
vn -1.00000000 -0.00000000 -0.00000000
vn -1.00000000 -0.00000000 -0.00000000
vn -1.00000000 -0.00000000 -0.00000000
vn -1.00000000 -0.00000000 -0.00000000
vn 0.00000000 -0.00000000 -1.00000000
vn 0.00000000 -0.00000000 -1.00000000
vn 0.00000000 -0.00000000 -1.00000000
vn 0.00000000 -0.00000000 -1.00000000
vn -0.00000000 0.00000000 1.00000000
vn -0.00000000 0.00000000 1.00000000
vn -0.00000000 0.00000000 1.00000000
vn -0.00000000 0.00000000 1.00000000
vn 1.00000000 0.00000000 0.00000000
vn 1.00000000 0.00000000 0.00000000
vn 1.00000000 0.00000000 0.00000000
vn 1.00000000 0.00000000 0.00000000
vn -1.00000000 -0.00000000 -0.00000000
vn -1.00000000 -0.00000000 -0.00000000
vn -1.00000000 -0.00000000 -0.00000000
vn -1.00000000 -0.00000000 -0.00000000
vn 0.00000000 1.00000000 0.00000000
vn 0.00000000 1.00000000 0.00000000
vn 0.00000000 1.00000000 0.00000000
vn 0.00000000 1.00000000 0.00000000
vn -0.00000000 -1.00000000 -0.00000000
vn -0.00000000 -1.00000000 -0.00000000
vn -0.00000000 -1.00000000 -0.00000000
vn -0.00000000 -1.00000000 -0.00000000
vn 0.00000000 0.00000000 -1.00000000
vn 0.00000000 0.00000000 -1.00000000
vn 0.00000000 0.00000000 -1.00000000
vn 0.00000000 0.00000000 -1.00000000
vn -0.00000000 -0.00000000 1.00000000
vn -0.00000000 -0.00000000 1.00000000
vn -0.00000000 -0.00000000 1.00000000
vn -0.00000000 -0.00000000 1.00000000
vn 0.00000000 0.00000000 -1.00000000
vn 0.00000000 0.00000000 -1.00000000
vn 0.00000000 0.00000000 -1.00000000
vn 0.00000000 0.00000000 -1.00000000
vn -0.00000000 -0.00000000 1.00000000
vn -0.00000000 -0.00000000 1.00000000
vn -0.00000000 -0.00000000 1.00000000
vn -0.00000000 -0.00000000 1.00000000
vn 0.00000000 -1.00000000 0.00000000
vn 0.00000000 -1.00000000 0.00000000
vn 0.00000000 -1.00000000 0.00000000
vn 0.00000000 -1.00000000 0.00000000
vn -0.00000000 1.00000000 -0.00000000
vn -0.00000000 1.00000000 -0.00000000
vn -0.00000000 1.00000000 -0.00000000
vn -0.00000000 1.00000000 -0.00000000
vn 0.00000000 0.00000000 1.00000000
vn 0.00000000 0.00000000 1.00000000
vn 0.00000000 0.00000000 1.00000000
vn 0.00000000 0.00000000 1.00000000
vn -0.00000000 -0.00000000 -1.00000000
vn -0.00000000 -0.00000000 -1.00000000
vn -0.00000000 -0.00000000 -1.00000000
vn -0.00000000 -0.00000000 -1.00000000
vn 0.00000000 1.00000000 0.00000000
vn 0.00000000 1.00000000 0.00000000
vn 0.00000000 1.00000000 0.00000000
vn 0.00000000 1.00000000 0.00000000
vn -0.00000000 -1.00000000 -0.00000000
vn -0.00000000 -1.00000000 -0.00000000
vn -0.00000000 -1.00000000 -0.00000000
vn -0.00000000 -1.00000000 -0.00000000
vn -0.00000000 0.00000000 1.00000000
vn -0.00000000 0.00000000 1.00000000
vn -0.00000000 0.00000000 1.00000000
vn -0.00000000 0.00000000 1.00000000
vn 0.00000000 -0.00000000 -1.00000000
vn 0.00000000 -0.00000000 -1.00000000
vn 0.00000000 -0.00000000 -1.00000000
vn 0.00000000 -0.00000000 -1.00000000
vn -1.00000000 0.00000000 0.00000000
vn -1.00000000 0.00000000 0.00000000
vn -1.00000000 0.00000000 0.00000000
vn -1.00000000 0.00000000 0.00000000
vn -1.00000000 0.00000000 0.00000000
vn -1.00000000 0.00000000 0.00000000
vn -1.00000000 0.00000000 0.00000000
vn -1.00000000 0.00000000 0.00000000
vn -1.00000000 0.00000000 0.00000000
vn -1.00000000 0.00000000 0.00000000
vn -1.00000000 0.00000000 0.00000000
vn -1.00000000 0.00000000 0.00000000
vn -1.00000000 0.00000000 0.00000000
vn -1.00000000 0.00000000 0.00000000
vn -1.00000000 0.00000000 0.00000000
vn -1.00000000 0.00000000 0.00000000
vn 0.00000000 1.00000000 0.00000000
vn 0.00000000 1.00000000 0.00000000
vn 0.00000000 1.00000000 0.00000000
vn 0.00000000 1.00000000 0.00000000
vn 0.00000000 1.00000000 0.00000000
vn 0.00000000 1.00000000 0.00000000
vn 0.00000000 1.00000000 0.00000000
vn 0.00000000 1.00000000 0.00000000
vn -1.00000000 0.00000000 -0.00000000
vn -1.00000000 0.00000000 -0.00000000
vn -1.00000000 0.00000000 -0.00000000
vn -1.00000000 0.00000000 -0.00000000
vn 1.00000000 -0.00000000 0.00000000
vn 1.00000000 -0.00000000 0.00000000
vn 1.00000000 -0.00000000 0.00000000
vn 1.00000000 -0.00000000 0.00000000
vn 0.00000000 0.00000000 1.00000000
vn 0.00000000 0.00000000 1.00000000
vn 0.00000000 0.00000000 1.00000000
vn 0.00000000 0.00000000 1.00000000
vn -0.00000000 -0.00000000 -1.00000000
vn -0.00000000 -0.00000000 -1.00000000
vn -0.00000000 -0.00000000 -1.00000000
vn -0.00000000 -0.00000000 -1.00000000
vn -0.00000000 -0.00000000 1.00000000
vn -0.00000000 -0.00000000 1.00000000
vn -0.00000000 -0.00000000 1.00000000
vn -0.00000000 -0.00000000 1.00000000
vn 0.00000000 0.00000000 -1.00000000
vn 0.00000000 0.00000000 -1.00000000
vn 0.00000000 0.00000000 -1.00000000
vn 0.00000000 0.00000000 -1.00000000
vn 1.00000000 0.00000000 0.00000000
vn 1.00000000 0.00000000 0.00000000
vn 1.00000000 0.00000000 0.00000000
vn 1.00000000 0.00000000 0.00000000
vn -1.00000000 -0.00000000 -0.00000000
vn -1.00000000 -0.00000000 -0.00000000
vn -1.00000000 -0.00000000 -0.00000000
vn -1.00000000 -0.00000000 -0.00000000
vn -0.00000000 0.00000000 -1.00000000
vn -0.00000000 0.00000000 -1.00000000
vn -0.00000000 0.00000000 -1.00000000
vn -0.00000000 0.00000000 -1.00000000
vn 0.00000000 -0.00000000 1.00000000
vn 0.00000000 -0.00000000 1.00000000
vn 0.00000000 -0.00000000 1.00000000
vn 0.00000000 -0.00000000 1.00000000
vn -1.00000000 0.00000000 -0.00000000
vn -1.00000000 0.00000000 -0.00000000
vn -1.00000000 0.00000000 -0.00000000
vn -1.00000000 0.00000000 -0.00000000
vn 1.00000000 -0.00000000 0.00000000
vn 1.00000000 -0.00000000 0.00000000
vn 1.00000000 -0.00000000 0.00000000
vn 1.00000000 -0.00000000 0.00000000
vn -0.00000000 0.00000000 -1.00000000
vn -0.00000000 0.00000000 -1.00000000
vn -0.00000000 0.00000000 -1.00000000
vn -0.00000000 0.00000000 -1.00000000
vn 0.00000000 -0.00000000 1.00000000
vn 0.00000000 -0.00000000 1.00000000
vn 0.00000000 -0.00000000 1.00000000
vn 0.00000000 -0.00000000 1.00000000
vn 0.00000000 1.00000000 0.00000000
vn 0.00000000 1.00000000 0.00000000
vn 0.00000000 1.00000000 0.00000000
vn 0.00000000 1.00000000 0.00000000
vn 0.00000000 1.00000000 0.00000000
vn 0.00000000 1.00000000 0.00000000
vn 0.00000000 1.00000000 0.00000000
vn 0.00000000 1.00000000 0.00000000
vn -0.00000000 0.00000000 -1.00000000
vn -0.00000000 0.00000000 -1.00000000
vn -0.00000000 0.00000000 -1.00000000
vn -0.00000000 0.00000000 -1.00000000
vn 0.00000000 -0.00000000 1.00000000
vn 0.00000000 -0.00000000 1.00000000
vn 0.00000000 -0.00000000 1.00000000
vn 0.00000000 -0.00000000 1.00000000
vn 1.00000000 0.00000000 0.00000000
vn 1.00000000 0.00000000 0.00000000
vn 1.00000000 0.00000000 0.00000000
vn 1.00000000 0.00000000 0.00000000
vn -1.00000000 -0.00000000 -0.00000000
vn -1.00000000 -0.00000000 -0.00000000
vn -1.00000000 -0.00000000 -0.00000000
vn -1.00000000 -0.00000000 -0.00000000
vn -1.00000000 0.00000000 0.00000000
vn -1.00000000 0.00000000 0.00000000
vn -1.00000000 0.00000000 0.00000000
vn -1.00000000 0.00000000 0.00000000
vn 1.00000000 -0.00000000 -0.00000000
vn 1.00000000 -0.00000000 -0.00000000
vn 1.00000000 -0.00000000 -0.00000000
vn 1.00000000 -0.00000000 -0.00000000
vn 0.00000000 0.00000000 -1.00000000
vn 0.00000000 0.00000000 -1.00000000
vn 0.00000000 0.00000000 -1.00000000
vn 0.00000000 0.00000000 -1.00000000
vn -0.00000000 -0.00000000 1.00000000
vn -0.00000000 -0.00000000 1.00000000
vn -0.00000000 -0.00000000 1.00000000
vn -0.00000000 -0.00000000 1.00000000
vn 0.00000000 -0.00000000 1.00000000
vn 0.00000000 -0.00000000 1.00000000
vn 0.00000000 -0.00000000 1.00000000
vn 0.00000000 -0.00000000 1.00000000
vn -0.00000000 0.00000000 -1.00000000
vn -0.00000000 0.00000000 -1.00000000
vn -0.00000000 0.00000000 -1.00000000
vn -0.00000000 0.00000000 -1.00000000
vn 1.00000000 0.00000000 0.00000000
vn 1.00000000 0.00000000 0.00000000
vn 1.00000000 0.00000000 0.00000000
vn 1.00000000 0.00000000 0.00000000
vn -1.00000000 -0.00000000 -0.00000000
vn -1.00000000 -0.00000000 -0.00000000
vn -1.00000000 -0.00000000 -0.00000000
vn -1.00000000 -0.00000000 -0.00000000
vn -0.00000000 0.00000000 1.00000000
vn -0.00000000 0.00000000 1.00000000
vn -0.00000000 0.00000000 1.00000000
vn -0.00000000 0.00000000 1.00000000
vn 0.00000000 -0.00000000 -1.00000000
vn 0.00000000 -0.00000000 -1.00000000
vn 0.00000000 -0.00000000 -1.00000000
vn 0.00000000 -0.00000000 -1.00000000
vn 0.00000000 1.00000000 0.00000000
vn 0.00000000 1.00000000 0.00000000
vn 0.00000000 1.00000000 0.00000000
vn 0.00000000 1.00000000 0.00000000
vn 0.00000000 1.00000000 0.00000000
vn 0.00000000 1.00000000 0.00000000
vn 0.00000000 1.00000000 0.00000000
vn 0.00000000 1.00000000 0.00000000
vn 0.00000000 1.00000000 0.00000000
vn 0.00000000 1.00000000 0.00000000
vn 0.00000000 1.00000000 0.00000000
vn 0.00000000 1.00000000 0.00000000
vn 0.00000000 1.00000000 0.00000000
vn 0.00000000 1.00000000 0.00000000
vn 0.00000000 1.00000000 0.00000000
vn 0.00000000 1.00000000 0.00000000
vn 1.00000000 -0.00000000 0.00000000
vn 1.00000000 -0.00000000 0.00000000
vn 1.00000000 -0.00000000 0.00000000
vn 1.00000000 -0.00000000 0.00000000
vn -1.00000000 0.00000000 -0.00000000
vn -1.00000000 0.00000000 -0.00000000
vn -1.00000000 0.00000000 -0.00000000
vn -1.00000000 0.00000000 -0.00000000
vn -0.00000000 -0.00000000 1.00000000
vn -0.00000000 -0.00000000 1.00000000
vn -0.00000000 -0.00000000 1.00000000
vn -0.00000000 -0.00000000 1.00000000
vn -0.00000000 -0.00000000 1.00000000
vn -0.00000000 -0.00000000 1.00000000
vn -0.00000000 -0.00000000 1.00000000
vn -0.00000000 -0.00000000 1.00000000
vn 0.00000000 0.00000000 -1.00000000
vn 0.00000000 0.00000000 -1.00000000
vn 0.00000000 0.00000000 -1.00000000
vn 0.00000000 0.00000000 -1.00000000
vn 0.00000000 0.00000000 -1.00000000
vn 0.00000000 0.00000000 -1.00000000
vn 0.00000000 0.00000000 -1.00000000
vn 0.00000000 0.00000000 -1.00000000
vn -0.00000000 -1.00000000 -0.00000000
vn -0.00000000 -1.00000000 -0.00000000
vn -0.00000000 -1.00000000 -0.00000000
vn -0.00000000 -1.00000000 -0.00000000
vn 0.00000000 1.00000000 0.00000000
vn 0.00000000 1.00000000 0.00000000
vn 0.00000000 1.00000000 0.00000000
vn 0.00000000 1.00000000 0.00000000
vn 0.00000000 -0.00000000 -1.00000000
vn 0.00000000 -0.00000000 -1.00000000
vn 0.00000000 -0.00000000 -1.00000000
vn 0.00000000 -0.00000000 -1.00000000
vn 0.00000000 -0.00000000 -1.00000000
vn 0.00000000 -0.00000000 -1.00000000
vn 0.00000000 -0.00000000 -1.00000000
vn 0.00000000 -0.00000000 -1.00000000
vn -0.00000000 0.00000000 1.00000000
vn -0.00000000 0.00000000 1.00000000
vn -0.00000000 0.00000000 1.00000000
vn -0.00000000 0.00000000 1.00000000
vn -0.00000000 0.00000000 1.00000000
vn -0.00000000 0.00000000 1.00000000
vn -0.00000000 0.00000000 1.00000000
vn -0.00000000 0.00000000 1.00000000
vn 0.00000000 -1.00000000 0.00000000
vn 0.00000000 -1.00000000 0.00000000
vn 0.00000000 -1.00000000 0.00000000
vn 0.00000000 -1.00000000 0.00000000
vn -0.00000000 1.00000000 -0.00000000
vn -0.00000000 1.00000000 -0.00000000
vn -0.00000000 1.00000000 -0.00000000
vn -0.00000000 1.00000000 -0.00000000
vn 1.00000000 -0.00000000 0.00000000
vn 1.00000000 -0.00000000 0.00000000
vn 1.00000000 -0.00000000 0.00000000
vn 1.00000000 -0.00000000 0.00000000
vn -1.00000000 0.00000000 -0.00000000
vn -1.00000000 0.00000000 -0.00000000
vn -1.00000000 0.00000000 -0.00000000
vn -1.00000000 0.00000000 -0.00000000
vn 0.00000000 0.00000000 -1.00000000
vn 0.00000000 0.00000000 -1.00000000
vn 0.00000000 0.00000000 -1.00000000
vn 0.00000000 0.00000000 -1.00000000
vn -0.00000000 -0.00000000 1.00000000
vn -0.00000000 -0.00000000 1.00000000
vn -0.00000000 -0.00000000 1.00000000
vn -0.00000000 -0.00000000 1.00000000
vn 0.03644580 -0.99933493 -0.00119310
vn 0.03644580 -0.99933493 -0.00119310
vn 0.03644580 -0.99933493 -0.00119310
vn -0.03644580 0.99933493 0.00119310
vn -0.03644580 0.99933493 0.00119310
vn -0.03644580 0.99933493 0.00119310
vn -0.31687191 0.00000000 -0.94846833
vn -0.31687191 0.00000000 -0.94846833
vn -0.31687191 0.00000000 -0.94846833
vn -0.31687191 0.00000000 -0.94846833
vn 0.31687191 -0.00000000 0.94846833
vn 0.31687191 -0.00000000 0.94846833
vn 0.31687191 -0.00000000 0.94846833
vn 0.31687191 -0.00000000 0.94846833
vn -0.00000000 1.00000000 -0.00000000
vn -0.00000000 1.00000000 -0.00000000
vn -0.00000000 1.00000000 -0.00000000
vn -0.00000000 1.00000000 -0.00000000
vn -0.00000000 1.00000000 -0.00000000
vn -0.00000000 1.00000000 -0.00000000
vn -0.00000000 1.00000000 -0.00000000
vn -0.00000000 1.00000000 -0.00000000
vn 0.00000000 -1.00000000 0.00000000
vn 0.00000000 -1.00000000 0.00000000
vn 0.00000000 -1.00000000 0.00000000
vn 0.00000000 -1.00000000 0.00000000
vn 0.00000000 -1.00000000 0.00000000
vn 0.00000000 -1.00000000 0.00000000
vn 0.00000000 -1.00000000 0.00000000
vn 0.00000000 -1.00000000 0.00000000
vn 1.00000000 0.00000000 0.00000000
vn 1.00000000 0.00000000 0.00000000
vn 1.00000000 0.00000000 0.00000000
vn 1.00000000 0.00000000 0.00000000
vn -1.00000000 -0.00000000 -0.00000000
vn -1.00000000 -0.00000000 -0.00000000
vn -1.00000000 -0.00000000 -0.00000000
vn -1.00000000 -0.00000000 -0.00000000
vn 0.00000000 -1.00000000 -0.00000000
vn 0.00000000 -1.00000000 -0.00000000
vn 0.00000000 -1.00000000 -0.00000000
vn -0.00000000 1.00000000 0.00000000
vn -0.00000000 1.00000000 0.00000000
vn -0.00000000 1.00000000 0.00000000
vn 0.03666440 -0.99932760 0.00000000
vn 0.03666440 -0.99932760 0.00000000
vn 0.03666440 -0.99932760 0.00000000
vn -0.03666440 0.99932760 -0.00000000
vn -0.03666440 0.99932760 -0.00000000
vn -0.03666440 0.99932760 -0.00000000
vn -0.70710683 0.00000000 -0.70710683
vn -0.70710683 0.00000000 -0.70710683
vn -0.70710683 0.00000000 -0.70710683
vn -0.70710683 0.00000000 -0.70710683
vn 0.70710683 -0.00000000 0.70710683
vn 0.70710683 -0.00000000 0.70710683
vn 0.70710683 -0.00000000 0.70710683
vn 0.70710683 -0.00000000 0.70710683
vn -0.94846833 -0.00000000 -0.31687191
vn -0.94846833 -0.00000000 -0.31687191
vn -0.94846833 -0.00000000 -0.31687191
vn -0.94846833 -0.00000000 -0.31687191
vn 0.94846833 0.00000000 0.31687191
vn 0.94846833 0.00000000 0.31687191
vn 0.94846833 0.00000000 0.31687191
vn 0.94846833 0.00000000 0.31687191
vn -0.00000000 1.00000000 0.00000000
vn -0.00000000 1.00000000 0.00000000
vn -0.00000000 1.00000000 0.00000000
vn -0.00000000 1.00000000 0.00000000
vn 0.00000000 -1.00000000 -0.00000000
vn 0.00000000 -1.00000000 -0.00000000
vn 0.00000000 -1.00000000 -0.00000000
vn 0.00000000 -1.00000000 -0.00000000
vn 0.03271910 0.00000000 -0.99946463
vn 0.03271910 0.00000000 -0.99946463
vn 0.03271910 0.00000000 -0.99946463
vn 0.03271910 0.00000000 -0.99946463
vn -0.03271910 -0.00000000 0.99946463
vn -0.03271910 -0.00000000 0.99946463
vn -0.03271910 -0.00000000 0.99946463
vn -0.03271910 -0.00000000 0.99946463
vn 0.70710683 0.00000000 0.70710683
vn 0.70710683 0.00000000 0.70710683
vn 0.70710683 0.00000000 0.70710683
vn 0.70710683 0.00000000 0.70710683
vn -0.70710683 -0.00000000 -0.70710683
vn -0.70710683 -0.00000000 -0.70710683
vn -0.70710683 -0.00000000 -0.70710683
vn -0.70710683 -0.00000000 -0.70710683
vn -0.00000000 0.00000000 1.00000000
vn -0.00000000 0.00000000 1.00000000
vn -0.00000000 0.00000000 1.00000000
vn -0.00000000 0.00000000 1.00000000
vn 0.00000000 -0.00000000 -1.00000000
vn 0.00000000 -0.00000000 -1.00000000
vn 0.00000000 -0.00000000 -1.00000000
vn 0.00000000 -0.00000000 -1.00000000
vn 0.00000000 -1.00000000 0.00000000
vn 0.00000000 -1.00000000 0.00000000
vn 0.00000000 -1.00000000 0.00000000
vn -0.00000000 1.00000000 -0.00000000
vn -0.00000000 1.00000000 -0.00000000
vn -0.00000000 1.00000000 -0.00000000
vn -0.00000000 -1.00000000 0.00000000
vn -0.00000000 -1.00000000 0.00000000
vn -0.00000000 -1.00000000 0.00000000
vn -0.00000000 -1.00000000 0.00000000
vn 0.00000000 1.00000000 -0.00000000
vn 0.00000000 1.00000000 -0.00000000
vn 0.00000000 1.00000000 -0.00000000
vn 0.00000000 1.00000000 -0.00000000
vn -1.00000000 0.00000000 -0.00000000
vn -1.00000000 0.00000000 -0.00000000
vn -1.00000000 0.00000000 -0.00000000
vn -1.00000000 0.00000000 -0.00000000
vn 1.00000000 -0.00000000 0.00000000
vn 1.00000000 -0.00000000 0.00000000
vn 1.00000000 -0.00000000 0.00000000
vn 1.00000000 -0.00000000 0.00000000
vn -0.00000000 0.00000000 1.00000000
vn -0.00000000 0.00000000 1.00000000
vn -0.00000000 0.00000000 1.00000000
vn -0.00000000 0.00000000 1.00000000
vn 0.00000000 -0.00000000 -1.00000000
vn 0.00000000 -0.00000000 -1.00000000
vn 0.00000000 -0.00000000 -1.00000000
vn 0.00000000 -0.00000000 -1.00000000
vn 1.00000000 0.00000000 -0.00000000
vn 1.00000000 0.00000000 -0.00000000
vn 1.00000000 0.00000000 -0.00000000
vn 1.00000000 0.00000000 -0.00000000
vn -1.00000000 -0.00000000 0.00000000
vn -1.00000000 -0.00000000 0.00000000
vn -1.00000000 -0.00000000 0.00000000
vn -1.00000000 -0.00000000 0.00000000
vn 0.00000000 -1.00000000 0.00000000
vn 0.00000000 -1.00000000 0.00000000
vn 0.00000000 -1.00000000 0.00000000
vn -0.00000000 1.00000000 -0.00000000
vn -0.00000000 1.00000000 -0.00000000
vn -0.00000000 1.00000000 -0.00000000
vn -0.00000000 1.00000000 -0.00000000
vn 1.00000000 0.00000000 -0.00000000
vn 1.00000000 0.00000000 -0.00000000
vn 1.00000000 0.00000000 -0.00000000
vn 1.00000000 0.00000000 -0.00000000
vn -1.00000000 -0.00000000 0.00000000
vn -1.00000000 -0.00000000 0.00000000
vn -1.00000000 -0.00000000 0.00000000
vn -1.00000000 -0.00000000 0.00000000
vn 0.00000000 -1.00000000 0.00000000
vn 0.00000000 -1.00000000 0.00000000
vn 0.00000000 -1.00000000 0.00000000
vn 0.00000000 -1.00000000 0.00000000
vn -0.00000000 1.00000000 -0.00000000
vn -0.00000000 1.00000000 -0.00000000
vn -0.00000000 1.00000000 -0.00000000
vn -0.00000000 1.00000000 -0.00000000
vn 0.00000000 -0.00000000 -1.00000000
vn 0.00000000 -0.00000000 -1.00000000
vn 0.00000000 -0.00000000 -1.00000000
vn 0.00000000 -0.00000000 -1.00000000
vn 0.00000000 -0.00000000 -1.00000000
vn 0.00000000 -0.00000000 -1.00000000
vn 0.00000000 -0.00000000 -1.00000000
vn 0.00000000 -0.00000000 -1.00000000
vn -0.00000000 0.00000000 1.00000000
vn -0.00000000 0.00000000 1.00000000
vn -0.00000000 0.00000000 1.00000000
vn -0.00000000 0.00000000 1.00000000
vn -0.00000000 0.00000000 1.00000000
vn -0.00000000 0.00000000 1.00000000
vn -0.00000000 0.00000000 1.00000000
vn -0.00000000 0.00000000 1.00000000
vn 0.00000000 1.00000000 0.00000000
vn 0.00000000 1.00000000 0.00000000
vn 0.00000000 1.00000000 0.00000000
vn 0.00000000 1.00000000 0.00000000
vn -0.00000000 -1.00000000 -0.00000000
vn -0.00000000 -1.00000000 -0.00000000
vn -0.00000000 -1.00000000 -0.00000000
vn -0.00000000 -1.00000000 -0.00000000
vn -1.00000000 0.00000000 0.00000000
vn -1.00000000 0.00000000 0.00000000
vn -1.00000000 0.00000000 0.00000000
vn -1.00000000 0.00000000 0.00000000
vn 1.00000000 -0.00000000 -0.00000000
vn 1.00000000 -0.00000000 -0.00000000
vn 1.00000000 -0.00000000 -0.00000000
vn 1.00000000 -0.00000000 -0.00000000
vn 1.00000000 0.00000000 0.00000000
vn 1.00000000 0.00000000 0.00000000
vn 1.00000000 0.00000000 0.00000000
vn 1.00000000 0.00000000 0.00000000
vn -1.00000000 -0.00000000 -0.00000000
vn -1.00000000 -0.00000000 -0.00000000
vn -1.00000000 -0.00000000 -0.00000000
vn -1.00000000 -0.00000000 -0.00000000
vn 0.00000000 1.00000000 0.00000000
vn 0.00000000 1.00000000 0.00000000
vn 0.00000000 1.00000000 0.00000000
vn 0.00000000 1.00000000 0.00000000
vn -0.00000000 -1.00000000 -0.00000000
vn -0.00000000 -1.00000000 -0.00000000
vn -0.00000000 -1.00000000 -0.00000000
vn -0.00000000 -1.00000000 -0.00000000
vn -0.00000000 0.00000000 1.00000000
vn -0.00000000 0.00000000 1.00000000
vn -0.00000000 0.00000000 1.00000000
vn -0.00000000 0.00000000 1.00000000
vn -0.00000000 0.00000000 1.00000000
vn -0.00000000 0.00000000 1.00000000
vn -0.00000000 0.00000000 1.00000000
vn -0.00000000 0.00000000 1.00000000
vn 0.00000000 -0.00000000 -1.00000000
vn 0.00000000 -0.00000000 -1.00000000
vn 0.00000000 -0.00000000 -1.00000000
vn 0.00000000 -0.00000000 -1.00000000
vn 0.00000000 -0.00000000 -1.00000000
vn 0.00000000 -0.00000000 -1.00000000
vn 0.00000000 -0.00000000 -1.00000000
vn 0.00000000 -0.00000000 -1.00000000
vn 0.00000000 -1.00000000 0.00000000
vn 0.00000000 -1.00000000 0.00000000
vn 0.00000000 -1.00000000 0.00000000
vn 0.00000000 -1.00000000 0.00000000
vn -0.00000000 1.00000000 -0.00000000
vn -0.00000000 1.00000000 -0.00000000
vn -0.00000000 1.00000000 -0.00000000
vn -0.00000000 1.00000000 -0.00000000
vn -1.00000000 0.00000000 0.00000000
vn -1.00000000 0.00000000 0.00000000
vn -1.00000000 0.00000000 0.00000000
vn -1.00000000 0.00000000 0.00000000
vn 1.00000000 -0.00000000 -0.00000000
vn 1.00000000 -0.00000000 -0.00000000
vn 1.00000000 -0.00000000 -0.00000000
vn 1.00000000 -0.00000000 -0.00000000
vn 0.00000000 0.00000000 1.00000000
vn 0.00000000 0.00000000 1.00000000
vn 0.00000000 0.00000000 1.00000000
vn 0.00000000 0.00000000 1.00000000
vn -0.00000000 -0.00000000 -1.00000000
vn -0.00000000 -0.00000000 -1.00000000
vn -0.00000000 -0.00000000 -1.00000000
vn -0.00000000 -0.00000000 -1.00000000
vn 1.00000000 0.00000000 -0.00000000
vn 1.00000000 0.00000000 -0.00000000
vn 1.00000000 0.00000000 -0.00000000
vn 1.00000000 0.00000000 -0.00000000
vn -1.00000000 -0.00000000 0.00000000
vn -1.00000000 -0.00000000 0.00000000
vn -1.00000000 -0.00000000 0.00000000
vn -1.00000000 -0.00000000 0.00000000
vn 0.03666440 -0.99932760 -0.00000000
vn 0.03666440 -0.99932760 -0.00000000
vn 0.03666440 -0.99932760 -0.00000000
vn -0.03666440 0.99932760 0.00000000
vn -0.03666440 0.99932760 0.00000000
vn -0.03666440 0.99932760 0.00000000
vn -0.00000000 0.00000000 -1.00000000
vn -0.00000000 0.00000000 -1.00000000
vn -0.00000000 0.00000000 -1.00000000
vn -0.00000000 0.00000000 -1.00000000
vn 0.00000000 -0.00000000 1.00000000
vn 0.00000000 -0.00000000 1.00000000
vn 0.00000000 -0.00000000 1.00000000
vn 0.00000000 -0.00000000 1.00000000
vn -0.00000000 1.00000000 0.00000000
vn -0.00000000 1.00000000 0.00000000
vn -0.00000000 1.00000000 0.00000000
vn -0.00000000 1.00000000 0.00000000
vn -0.00000000 1.00000000 0.00000000
vn -0.00000000 1.00000000 0.00000000
vn -0.00000000 1.00000000 0.00000000
vn -0.00000000 1.00000000 0.00000000
vn 0.00000000 -1.00000000 -0.00000000
vn 0.00000000 -1.00000000 -0.00000000
vn 0.00000000 -1.00000000 -0.00000000
vn 0.00000000 -1.00000000 -0.00000000
vn 0.00000000 -1.00000000 -0.00000000
vn 0.00000000 -1.00000000 -0.00000000
vn 0.00000000 -1.00000000 -0.00000000
vn 0.00000000 -1.00000000 -0.00000000
vn 0.00000000 0.00000000 1.00000000
vn 0.00000000 0.00000000 1.00000000
vn 0.00000000 0.00000000 1.00000000
vn 0.00000000 0.00000000 1.00000000
vn -0.00000000 -0.00000000 -1.00000000
vn -0.00000000 -0.00000000 -1.00000000
vn -0.00000000 -0.00000000 -1.00000000
vn -0.00000000 -0.00000000 -1.00000000
vn 0.03644580 -0.99933493 0.00119310
vn 0.03644580 -0.99933493 0.00119310
vn 0.03644580 -0.99933493 0.00119310
vn -0.03644580 0.99933493 -0.00119310
vn -0.03644580 0.99933493 -0.00119310
vn -0.03644580 0.99933493 -0.00119310
vn 0.70710683 0.00000000 -0.70710683
vn 0.70710683 0.00000000 -0.70710683
vn 0.70710683 0.00000000 -0.70710683
vn 0.70710683 0.00000000 -0.70710683
vn -0.70710683 -0.00000000 0.70710683
vn -0.70710683 -0.00000000 0.70710683
vn -0.70710683 -0.00000000 0.70710683
vn -0.70710683 -0.00000000 0.70710683
vn -0.94846833 0.00000000 0.31687191
vn -0.94846833 0.00000000 0.31687191
vn -0.94846833 0.00000000 0.31687191
vn -0.94846833 0.00000000 0.31687191
vn 0.94846833 -0.00000000 -0.31687191
vn 0.94846833 -0.00000000 -0.31687191
vn 0.94846833 -0.00000000 -0.31687191
vn 0.94846833 -0.00000000 -0.31687191
vn -0.70710683 0.00000000 0.70710683
vn -0.70710683 0.00000000 0.70710683
vn -0.70710683 0.00000000 0.70710683
vn -0.70710683 0.00000000 0.70710683
vn 0.70710683 -0.00000000 -0.70710683
vn 0.70710683 -0.00000000 -0.70710683
vn 0.70710683 -0.00000000 -0.70710683
vn 0.70710683 -0.00000000 -0.70710683
vn -0.31687191 -0.00000000 0.94846833
vn -0.31687191 -0.00000000 0.94846833
vn -0.31687191 -0.00000000 0.94846833
vn -0.31687191 -0.00000000 0.94846833
vn 0.31687191 0.00000000 -0.94846833
vn 0.31687191 0.00000000 -0.94846833
vn 0.31687191 0.00000000 -0.94846833
vn 0.31687191 0.00000000 -0.94846833
vn -0.00000000 1.00000000 -0.00000000
vn -0.00000000 1.00000000 -0.00000000
vn -0.00000000 1.00000000 -0.00000000
vn 0.00000000 -1.00000000 0.00000000
vn 0.00000000 -1.00000000 0.00000000
vn 0.00000000 -1.00000000 0.00000000
vn 0.00000000 -1.00000000 0.00000000
vn 0.03271910 0.00000000 0.99946463
vn 0.03271910 0.00000000 0.99946463
vn 0.03271910 0.00000000 0.99946463
vn 0.03271910 0.00000000 0.99946463
vn -0.03271910 -0.00000000 -0.99946463
vn -0.03271910 -0.00000000 -0.99946463
vn -0.03271910 -0.00000000 -0.99946463
vn -0.03271910 -0.00000000 -0.99946463
vn 0.00000000 -1.00000000 0.00000000
vn 0.00000000 -1.00000000 0.00000000
vn 0.00000000 -1.00000000 0.00000000
vn -0.00000000 1.00000000 -0.00000000
vn -0.00000000 1.00000000 -0.00000000
vn -0.00000000 1.00000000 -0.00000000
vn -0.00000000 -1.00000000 -0.00000000
vn -0.00000000 -1.00000000 -0.00000000
vn -0.00000000 -1.00000000 -0.00000000
vn -0.00000000 -1.00000000 -0.00000000
vn 0.00000000 1.00000000 0.00000000
vn 0.00000000 1.00000000 0.00000000
vn 0.00000000 1.00000000 0.00000000
vn 0.00000000 1.00000000 0.00000000
vn 1.00000000 0.00000000 -0.00000000
vn 1.00000000 0.00000000 -0.00000000
vn 1.00000000 0.00000000 -0.00000000
vn 1.00000000 0.00000000 -0.00000000
vn -1.00000000 -0.00000000 0.00000000
vn -1.00000000 -0.00000000 0.00000000
vn -1.00000000 -0.00000000 0.00000000
vn -1.00000000 -0.00000000 0.00000000
vn -1.00000000 0.00000000 0.00000000
vn -1.00000000 0.00000000 0.00000000
vn -1.00000000 0.00000000 0.00000000
vn -1.00000000 0.00000000 0.00000000
vn 1.00000000 -0.00000000 -0.00000000
vn 1.00000000 -0.00000000 -0.00000000
vn 1.00000000 -0.00000000 -0.00000000
vn 1.00000000 -0.00000000 -0.00000000
vn 0.00000000 -1.00000000 -0.00000000
vn 0.00000000 -1.00000000 -0.00000000
vn 0.00000000 -1.00000000 -0.00000000
vn -0.00000000 1.00000000 0.00000000
vn -0.00000000 1.00000000 0.00000000
vn -0.00000000 1.00000000 0.00000000
vn 0.00000000 0.00000000 -1.00000000
vn 0.00000000 0.00000000 -1.00000000
vn 0.00000000 0.00000000 -1.00000000
vn 0.00000000 0.00000000 -1.00000000
vn -0.00000000 -0.00000000 1.00000000
vn -0.00000000 -0.00000000 1.00000000
vn -0.00000000 -0.00000000 1.00000000
vn -0.00000000 -0.00000000 1.00000000
vn 0.00000000 -1.00000000 0.00000000
vn 0.00000000 -1.00000000 0.00000000
vn 0.00000000 -1.00000000 0.00000000
vn 0.00000000 -1.00000000 0.00000000
vn -0.00000000 1.00000000 -0.00000000
vn -0.00000000 1.00000000 -0.00000000
vn -0.00000000 1.00000000 -0.00000000
vn -0.00000000 1.00000000 -0.00000000
vn 0.00000000 -0.00000000 -1.00000000
vn 0.00000000 -0.00000000 -1.00000000
vn 0.00000000 -0.00000000 -1.00000000
vn 0.00000000 -0.00000000 -1.00000000
vn -0.00000000 0.00000000 1.00000000
vn -0.00000000 0.00000000 1.00000000
vn -0.00000000 0.00000000 1.00000000
vn -0.00000000 0.00000000 1.00000000
vt 0.56458333 0.34821429
vt 0.56458333 0.34821429
vt 0.56458333 0.34821429
vt 0.56458333 0.34821429
vt 0.56458333 0.34821429
vt 0.56458333 0.34821429
vt 0.56458333 0.34821429
vt 0.56458333 0.34821429
vt 0.56458333 0.34821429
vt 0.56458333 0.34821429
vt 0.56458333 0.34821429
vt 0.56458333 0.34821429
vt 0.56458333 0.34821429
vt 0.56458333 0.34821429
vt 0.56458333 0.34821429
vt 0.56458333 0.34821429
vt 0.56458333 0.34821429
vt 0.56458333 0.34821429
vt 0.56458333 0.34821429
vt 0.56458333 0.34821429
vt 0.56458333 0.34821429
vt 0.56458333 0.34821429
vt 0.56458333 0.34821429
vt 0.56458333 0.34821429
vt 0.56458333 0.34821429
vt 0.56458333 0.34821429
vt 0.56458333 0.34821429
vt 0.56458333 0.34821429
vt 0.56458333 0.34821429
vt 0.56458333 0.34821429
vt 0.56458333 0.34821429
vt 0.56458333 0.34821429
vt 0.56458333 0.34821429
vt 0.56458333 0.34821429
vt 0.56458333 0.34821429
vt 0.56458333 0.34821429
vt 0.56458333 0.34821429
vt 0.56458333 0.34821429
vt 0.56458333 0.34821429
vt 0.56458333 0.34821429
vt 0.56458333 0.34821429
vt 0.56458333 0.34821429
vt 0.56458333 0.34821429
vt 0.56458333 0.34821429
vt 0.56458333 0.34821429
vt 0.56458333 0.34821429
vt 0.56458333 0.34821429
vt 0.56458333 0.34821429
vt 0.56458333 0.34821429
vt 0.56458333 0.34821429
vt 0.56458333 0.34821429
vt 0.56458333 0.34821429
vt 0.56458333 0.34821429
vt 0.56458333 0.34821429
vt 0.56458333 0.34821429
vt 0.56458333 0.34821429
vt 0.56458333 0.34821429
vt 0.56458333 0.34821429
vt 0.56458333 0.34821429
vt 0.56458333 0.34821429
vt 0.56458333 0.34821429
vt 0.56458333 0.34821429
vt 0.56458333 0.34821429
vt 0.56458333 0.34821429
vt 0.56458333 0.34821429
vt 0.56458333 0.34821429
vt 0.56458333 0.34821429
vt 0.56458333 0.34821429
vt 0.56458333 0.34821429
vt 0.56458333 0.34821429
vt 0.56458333 0.34821429
vt 0.56458333 0.34821429
vt 0.56458333 0.34821429
vt 0.56458333 0.34821429
vt 0.56458333 0.34821429
vt 0.56458333 0.34821429
vt 0.56458333 0.34821429
vt 0.56458333 0.34821429
vt 0.56458333 0.34821429
vt 0.56458333 0.34821429
vt 0.56458333 0.34821429
vt 0.56458333 0.34821429
vt 0.56458333 0.34821429
vt 0.56458333 0.34821429
vt 0.56458333 0.34821429
vt 0.56458333 0.34821429
vt 0.56458333 0.34821429
vt 0.56458333 0.34821429
vt 0.56458333 0.34821429
vt 0.56458333 0.34821429
vt 0.56458333 0.34821429
vt 0.56458333 0.34821429
vt 0.56458333 0.34821429
vt 0.56458333 0.34821429
vt 0.56458333 0.34821429
vt 0.56458333 0.34821429
vt 0.56458333 0.34821429
vt 0.56458333 0.34821429
vt 0.56458333 0.34821429
vt 0.56458333 0.34821429
vt 0.56458333 0.34821429
vt 0.56458333 0.34821429
vt 0.56458333 0.34821429
vt 0.56458333 0.34821429
vt 0.56458333 0.34821429
vt 0.56458333 0.34821429
vt 0.56458333 0.34821429
vt 0.56458333 0.34821429
vt 0.56458333 0.34821429
vt 0.56458333 0.34821429
vt 0.56458333 0.34821429
vt 0.56458333 0.34821429
vt 0.56458333 0.34821429
vt 0.56458333 0.34821429
vt 0.56458333 0.34821429
vt 0.56458333 0.34821429
vt 0.56458333 0.34821429
vt 0.56458333 0.34821429
vt 0.56458333 0.34821429
vt 0.56458333 0.34821429
vt 0.56458333 0.34821429
vt 0.56458333 0.34821429
vt 0.56458333 0.34821429
vt 0.56458333 0.34821429
vt 0.56458333 0.34821429
vt 0.56458333 0.34821429
vt 0.56458333 0.34821429
vt 0.56458333 0.34821429
vt 0.56458333 0.34821429
vt 0.56458333 0.34821429
vt 0.56458333 0.34821429
vt 0.56458333 0.34821429
vt 0.56458333 0.34821429
vt 0.56458333 0.34821429
vt 0.56458333 0.34821429
vt 0.56458333 0.34821429
vt 0.56458333 0.34821429
vt 0.56458333 0.34821429
vt 0.56458333 0.34821429
vt 0.56458333 0.34821429
vt 0.56458333 0.34821429
vt 0.56458333 0.34821429
vt 0.56458333 0.34821429
vt 0.56458333 0.34821429
vt 0.56458333 0.34821429
vt 0.56458333 0.34821429
vt 0.56458333 0.34821429
vt 0.56458333 0.34821429
vt 0.56458333 0.34821429
vt 0.56458333 0.34821429
vt 0.56458333 0.34821429
vt 0.56458333 0.34821429
vt 0.56458333 0.34821429
vt 0.56458333 0.34821429
vt 0.56458333 0.34821429
vt 0.56458333 0.34821429
vt 0.56458333 0.34821429
vt 0.56458333 0.34821429
vt 0.56458333 0.34821429
vt 0.56458333 0.34821429
vt 0.56458333 0.34821429
vt 0.56458333 0.34821429
vt 0.56458333 0.34821429
vt 0.56458333 0.34821429
vt 0.56458333 0.34821429
vt 0.56458333 0.34821429
vt 0.56458333 0.34821429
vt 0.56458333 0.34821429
vt 0.56458333 0.34821429
vt 0.56458333 0.34821429
vt 0.56458333 0.34821429
vt 0.56458333 0.34821429
vt 0.56458333 0.34821429
vt 0.56458333 0.34821429
vt 0.56458333 0.34821429
vt 0.56458333 0.34821429
vt 0.56458333 0.34821429
vt 0.56458333 0.34821429
vt 0.56458333 0.34821429
vt 0.56458333 0.34821429
vt 0.56458333 0.34821429
vt 0.56458333 0.34821429
vt 0.56458333 0.34821429
vt 0.56458333 0.34821429
vt 0.56458333 0.34821429
vt 0.56458333 0.34821429
vt 0.56458333 0.34821429
vt 0.56458333 0.34821429
vt 0.56458333 0.34821429
vt 0.56458333 0.34821429
vt 0.56458333 0.34821429
vt 0.56458333 0.34821429
vt 0.56458333 0.34821429
vt 0.56458333 0.34821429
vt 0.56458333 0.34821429
vt 0.56458333 0.34821429
vt 0.56458333 0.34821429
vt 0.56458333 0.34821429
vt 0.56458333 0.34821429
vt 0.56458333 0.34821429
vt 0.56458333 0.34821429
vt 0.56458333 0.34821429
vt 0.56458333 0.34821429
vt 0.56458333 0.34821429
vt 0.56458333 0.34821429
vt 0.56458333 0.34821429
vt 0.56458333 0.34821429
vt 0.56458333 0.34821429
vt 0.56458333 0.34821429
vt 0.56458333 0.34821429
vt 0.56458333 0.34821429
vt 0.56458333 0.34821429
vt 0.56458333 0.34821429
vt 0.56458333 0.34821429
vt 0.56458333 0.34821429
vt 0.56458333 0.34821429
vt 0.56458333 0.34821429
vt 0.56458333 0.34821429
vt 0.56458333 0.34821429
vt 0.56458333 0.34821429
vt 0.56458333 0.34821429
vt 0.56458333 0.34821429
vt 0.56458333 0.34821429
vt 0.56458333 0.34821429
vt 0.56458333 0.34821429
vt 0.56458333 0.34821429
vt 0.56458333 0.34821429
vt 0.56458333 0.34821429
vt 0.56458333 0.34821429
vt 0.56458333 0.34821429
vt 0.56458333 0.34821429
vt 0.56458333 0.34821429
vt 0.56458333 0.34821429
vt 0.56458333 0.34821429
vt 0.56458333 0.34821429
vt 0.56458333 0.34821429
vt 0.56458333 0.34821429
vt 0.56458333 0.34821429
vt 0.56458333 0.34821429
vt 0.56458333 0.34821429
vt 0.56458333 0.34821429
vt 0.56458333 0.34821429
vt 0.56458333 0.34821429
vt 0.56458333 0.34821429
vt 0.56458333 0.34821429
vt 0.56458333 0.34821429
vt 0.56458333 0.34821429
vt 0.56458333 0.34821429
vt 0.56458333 0.34821429
vt 0.56458333 0.34821429
vt 0.56458333 0.34821429
vt 0.56458333 0.34821429
vt 0.56458333 0.34821429
vt 0.56458333 0.34821429
vt 0.56458333 0.34821429
vt 0.56458333 0.34821429
vt 0.56458333 0.34821429
vt 0.56458333 0.34821429
vt 0.56458333 0.34821429
vt 0.56458333 0.34821429
vt 0.56458333 0.34821429
vt 0.56458333 0.34821429
vt 0.56458333 0.34821429
vt 0.56458333 0.34821429
vt 0.56458333 0.34821429
vt 0.56458333 0.34821429
vt 0.56458333 0.34821429
vt 0.56458333 0.34821429
vt 0.56458333 0.34821429
vt 0.56458333 0.34821429
vt 0.56458333 0.34821429
vt 0.56458333 0.34821429
vt 0.56458333 0.34821429
vt 0.56458333 0.34821429
vt 0.56458333 0.34821429
vt 0.56458333 0.34821429
vt 0.56458333 0.34821429
vt 0.56458333 0.34821429
vt 0.56458333 0.34821429
vt 0.56458333 0.34821429
vt 0.56458333 0.34821429
vt 0.56458333 0.34821429
vt 0.56458333 0.34821429
vt 0.56458333 0.34821429
vt 0.56458333 0.34821429
vt 0.56458333 0.34821429
vt 0.56458333 0.34821429
vt 0.56458333 0.34821429
vt 0.56458333 0.34821429
vt 0.56458333 0.34821429
vt 0.56458333 0.34821429
vt 0.56458333 0.34821429
vt 0.56458333 0.34821429
vt 0.56458333 0.34821429
vt 0.56458333 0.34821429
vt 0.56458333 0.34821429
vt 0.56458333 0.34821429
vt 0.56458333 0.34821429
vt 0.56458333 0.34821429
vt 0.56458333 0.34821429
vt 0.56458333 0.34821429
vt 0.56458333 0.34821429
vt 0.56458333 0.34821429
vt 0.56458333 0.34821429
vt 0.56458333 0.34821429
vt 0.56458333 0.34821429
vt 0.56458333 0.34821429
vt 0.56458333 0.34821429
vt 0.56458333 0.34821429
vt 0.56458333 0.34821429
vt 0.56458333 0.34821429
vt 0.56458333 0.34821429
vt 0.56458333 0.34821429
vt 0.56458333 0.34821429
vt 0.56458333 0.34821429
vt 0.56458333 0.34821429
vt 0.56458333 0.34821429
vt 0.56458333 0.34821429
vt 0.56458333 0.34821429
vt 0.56458333 0.34821429
vt 0.56458333 0.34821429
vt 0.56458333 0.34821429
vt 0.56458333 0.34821429
vt 0.56458333 0.34821429
vt 0.56458333 0.34821429
vt 0.56458333 0.34821429
vt 0.56458333 0.34821429
vt 0.56458333 0.34821429
vt 0.56458333 0.34821429
vt 0.56458333 0.34821429
vt 0.56458333 0.34821429
vt 0.56458333 0.34821429
vt 0.56458333 0.34821429
vt 0.56458333 0.34821429
vt 0.56458333 0.34821429
vt 0.56458333 0.34821429
vt 0.56458333 0.34821429
vt 0.56458333 0.34821429
vt 0.56458333 0.34821429
vt 0.56458333 0.34821429
vt 0.56458333 0.34821429
vt 0.56458333 0.34821429
vt 0.56458333 0.34821429
vt 0.56458333 0.34821429
vt 0.56458333 0.34821429
vt 0.56458333 0.34821429
vt 0.56458333 0.34821429
vt 0.56458333 0.34821429
vt 0.56458333 0.34821429
vt 0.56458333 0.34821429
vt 0.56458333 0.34821429
vt 0.56458333 0.34821429
vt 0.56458333 0.34821429
vt 0.56458333 0.34821429
vt 0.56458333 0.34821429
vt 0.56458333 0.34821429
vt 0.56458333 0.34821429
vt 0.56458333 0.34821429
vt 0.56458333 0.34821429
vt 0.56458333 0.34821429
vt 0.56458333 0.34821429
vt 0.56458333 0.34821429
vt 0.56458333 0.34821429
vt 0.56458333 0.34821429
vt 0.56458333 0.34821429
vt 0.56458333 0.34821429
vt 0.56458333 0.34821429
vt 0.56458333 0.34821429
vt 0.56458333 0.34821429
vt 0.56458333 0.34821429
vt 0.56458333 0.34821429
vt 0.56458333 0.34821429
vt 0.56458333 0.34821429
vt 0.56458333 0.34821429
vt 0.56458333 0.34821429
vt 0.56458333 0.34821429
vt 0.56458333 0.34821429
vt 0.56458333 0.34821429
vt 0.56458333 0.34821429
vt 0.56458333 0.34821429
vt 0.56458333 0.34821429
vt 0.56458333 0.34821429
vt 0.56458333 0.34821429
vt 0.56458333 0.34821429
vt 0.56458333 0.34821429
vt 0.56458333 0.34821429
vt 0.56458333 0.34821429
vt 0.56458333 0.34821429
vt 0.56458333 0.34821429
vt 0.56458333 0.34821429
vt 0.56458333 0.34821429
vt 0.56458333 0.34821429
vt 0.56458333 0.34821429
vt 0.56458333 0.34821429
vt 0.56458333 0.34821429
vt 0.56458333 0.34821429
vt 0.56458333 0.34821429
vt 0.56458333 0.34821429
vt 0.56458333 0.34821429
vt 0.56458333 0.34821429
vt 0.56458333 0.34821429
vt 0.56458333 0.34821429
vt 0.56458333 0.34821429
vt 0.56458333 0.34821429
vt 0.56458333 0.34821429
vt 0.56458333 0.34821429
vt 0.56458333 0.34821429
vt 0.56458333 0.34821429
vt 0.56458333 0.34821429
vt 0.56458333 0.34821429
vt 0.56458333 0.34821429
vt 0.56458333 0.34821429
vt 0.56458333 0.34821429
vt 0.56458333 0.34821429
vt 0.56458333 0.34821429
vt 0.56458333 0.34821429
vt 0.56458333 0.34821429
vt 0.56458333 0.34821429
vt 0.56458333 0.34821429
vt 0.56458333 0.34821429
vt 0.56458333 0.34821429
vt 0.56458333 0.34821429
vt 0.56458333 0.34821429
vt 0.56458333 0.34821429
vt 0.56458333 0.34821429
vt 0.56458333 0.34821429
vt 0.56458333 0.34821429
vt 0.56458333 0.34821429
vt 0.56458333 0.34821429
vt 0.56458333 0.34821429
vt 0.56458333 0.34821429
vt 0.56458333 0.34821429
vt 0.56458333 0.34821429
vt 0.56458333 0.34821429
vt 0.56458333 0.34821429
vt 0.56458333 0.34821429
vt 0.56458333 0.34821429
vt 0.56458333 0.34821429
vt 0.56458333 0.34821429
vt 0.56458333 0.34821429
vt 0.56458333 0.34821429
vt 0.56458333 0.34821429
vt 0.56458333 0.34821429
vt 0.56458333 0.34821429
vt 0.56458333 0.34821429
vt 0.56458333 0.34821429
vt 0.56458333 0.34821429
vt 0.56458333 0.34821429
vt 0.56458333 0.34821429
vt 0.56458333 0.34821429
vt 0.56458333 0.34821429
vt 0.56458333 0.34821429
vt 0.56458333 0.34821429
vt 0.56458333 0.34821429
vt 0.56458333 0.34821429
vt 0.56458333 0.34821429
vt 0.56458333 0.34821429
vt 0.56458333 0.34821429
vt 0.56458333 0.34821429
vt 0.56458333 0.34821429
vt 0.56458333 0.34821429
vt 0.56458333 0.34821429
vt 0.56458333 0.34821429
vt 0.56458333 0.34821429
vt 0.56458333 0.34821429
vt 0.56458333 0.34821429
vt 0.56458333 0.34821429
vt 0.56458333 0.34821429
vt 0.56458333 0.34821429
vt 0.56458333 0.34821429
vt 0.56458333 0.34821429
vt 0.56458333 0.34821429
vt 0.56458333 0.34821429
vt 0.56458333 0.34821429
vt 0.56458333 0.34821429
vt 0.56458333 0.34821429
vt 0.56458333 0.34821429
vt 0.56458333 0.34821429
vt 0.56458333 0.34821429
vt 0.56458333 0.34821429
vt 0.56458333 0.34821429
vt 0.56458333 0.34821429
vt 0.56458333 0.34821429
vt 0.56458333 0.34821429
vt 0.56458333 0.34821429
vt 0.56458333 0.34821429
vt 0.56458333 0.34821429
vt 0.56458333 0.34821429
vt 0.56458333 0.34821429
vt 0.56458333 0.34821429
vt 0.56458333 0.34821429
vt 0.56458333 0.34821429
vt 0.56458333 0.34821429
vt 0.56458333 0.34821429
vt 0.56458333 0.34821429
vt 0.56458333 0.34821429
vt 0.56458333 0.34821429
vt 0.56458333 0.34821429
vt 0.56458333 0.34821429
vt 0.56458333 0.34821429
vt 0.56458333 0.34821429
vt 0.56458333 0.34821429
vt 0.56458333 0.34821429
vt 0.56458333 0.34821429
vt 0.56458333 0.34821429
vt 0.56458333 0.34821429
vt 0.56458333 0.34821429
vt 0.56458333 0.34821429
vt 0.56458333 0.34821429
vt 0.56458333 0.34821429
vt 0.56458333 0.34821429
vt 0.56458333 0.34821429
vt 0.56458333 0.34821429
vt 0.56458333 0.34821429
vt 0.56458333 0.34821429
vt 0.56458333 0.34821429
vt 0.56458333 0.34821429
vt 0.56458333 0.34821429
vt 0.56458333 0.34821429
vt 0.56458333 0.34821429
vt 0.56458333 0.34821429
vt 0.56458333 0.34821429
vt 0.56458333 0.34821429
vt 0.56458333 0.34821429
vt 0.56458333 0.34821429
vt 0.56458333 0.34821429
vt 0.56458333 0.34821429
vt 0.56458333 0.34821429
vt 0.56458333 0.34821429
vt 0.56458333 0.34821429
vt 0.56458333 0.34821429
vt 0.56458333 0.34821429
vt 0.56458333 0.34821429
vt 0.56458333 0.34821429
vt 0.56458333 0.34821429
vt 0.56458333 0.34821429
vt 0.56458333 0.34821429
vt 0.56458333 0.34821429
vt 0.56458333 0.34821429
vt 0.56458333 0.34821429
vt 0.56458333 0.34821429
vt 0.56458333 0.34821429
vt 0.56458333 0.34821429
vt 0.56458333 0.34821429
vt 0.56458333 0.34821429
vt 0.56458333 0.34821429
vt 0.56458333 0.34821429
vt 0.56458333 0.34821429
vt 0.56458333 0.34821429
vt 0.56458333 0.34821429
vt 0.56458333 0.34821429
vt 0.56458333 0.34821429
vt 0.56458333 0.34821429
vt 0.56458333 0.34821429
vt 0.56458333 0.34821429
vt 0.56458333 0.34821429
vt 0.56458333 0.34821429
vt 0.56458333 0.34821429
vt 0.56458333 0.34821429
vt 0.56458333 0.34821429
vt 0.56458333 0.34821429
vt 0.56458333 0.34821429
vt 0.56458333 0.34821429
vt 0.56458333 0.34821429
vt 0.56458333 0.34821429
vt 0.56458333 0.34821429
vt 0.56458333 0.34821429
vt 0.56458333 0.34821429
vt 0.56458333 0.34821429
vt 0.56458333 0.34821429
vt 0.56458333 0.34821429
vt 0.56458333 0.34821429
vt 0.56458333 0.34821429
vt 0.56458333 0.34821429
vt 0.56458333 0.34821429
vt 0.56458333 0.34821429
vt 0.56458333 0.34821429
vt 0.56458333 0.34821429
vt 0.56458333 0.34821429
vt 0.56458333 0.34821429
vt 0.56458333 0.34821429
vt 0.56458333 0.34821429
vt 0.56458333 0.34821429
vt 0.56458333 0.34821429
vt 0.56458333 0.34821429
vt 0.56458333 0.34821429
vt 0.56458333 0.34821429
vt 0.56458333 0.34821429
vt 0.56458333 0.34821429
vt 0.56458333 0.34821429
vt 0.56458333 0.34821429
vt 0.56458333 0.34821429
vt 0.56458333 0.34821429
vt 0.56458333 0.34821429
vt 0.56458333 0.34821429
vt 0.56458333 0.34821429
vt 0.56458333 0.34821429
vt 0.56458333 0.34821429
vt 0.56458333 0.34821429
vt 0.56458333 0.34821429
vt 0.56458333 0.34821429
vt 0.56458333 0.34821429
vt 0.56458333 0.34821429
vt 0.56458333 0.34821429
vt 0.56458333 0.34821429
vt 0.56458333 0.34821429
vt 0.56458333 0.34821429
vt 0.56458333 0.34821429
vt 0.56458333 0.34821429
vt 0.56458333 0.34821429
vt 0.56458333 0.34821429
vt 0.56458333 0.34821429
vt 0.56458333 0.34821429
vt 0.56458333 0.34821429
vt 0.56458333 0.34821429
vt 0.56458333 0.34821429
vt 0.56458333 0.34821429
vt 0.56458333 0.34821429
vt 0.56458333 0.34821429
vt 0.56458333 0.34821429
vt 0.56458333 0.34821429
vt 0.56458333 0.34821429
vt 0.56458333 0.34821429
vt 0.56458333 0.34821429
vt 0.56458333 0.34821429
vt 0.56458333 0.34821429
vt 0.56458333 0.34821429
vt 0.56458333 0.34821429
vt 0.56458333 0.34821429
vt 0.56458333 0.34821429
vt 0.56458333 0.34821429
vt 0.56458333 0.34821429
vt 0.56458333 0.34821429
vt 0.56458333 0.34821429
vt 0.56458333 0.34821429
vt 0.56458333 0.34821429
vt 0.56458333 0.34821429
vt 0.56458333 0.34821429
vt 0.56458333 0.34821429
vt 0.56458333 0.34821429
vt 0.16458333 0.34821429
vt 0.16458333 0.34821429
vt 0.16458333 0.34821429
vt 0.16458333 0.34821429
vt 0.16458333 0.34821429
vt 0.16458333 0.34821429
vt 0.16458333 0.34821429
vt 0.16458333 0.34821429
vt 0.16458333 0.34821429
vt 0.16458333 0.34821429
vt 0.16458333 0.34821429
vt 0.16458333 0.34821429
vt 0.16458333 0.34821429
vt 0.16458333 0.34821429
vt 0.16458333 0.34821429
vt 0.16458333 0.34821429
vt 0.16458333 0.34821429
vt 0.16458333 0.34821429
vt 0.16458333 0.34821429
vt 0.16458333 0.34821429
vt 0.16458333 0.34821429
vt 0.16458333 0.34821429
vt 0.16458333 0.34821429
vt 0.16458333 0.34821429
vt 0.16458333 0.34821429
vt 0.16458333 0.34821429
vt 0.16458333 0.34821429
vt 0.16458333 0.34821429
vt 0.16458333 0.34821429
vt 0.16458333 0.34821429
vt 0.16458333 0.34821429
vt 0.16458333 0.34821429
vt 0.16458333 0.34821429
vt 0.16458333 0.34821429
vt 0.16458333 0.34821429
vt 0.16458333 0.34821429
vt 0.16458333 0.34821429
vt 0.16458333 0.34821429
vt 0.16458333 0.34821429
vt 0.16458333 0.34821429
vt 0.16458333 0.34821429
vt 0.16458333 0.34821429
vt 0.16458333 0.34821429
vt 0.16458333 0.34821429
vt 0.16458333 0.34821429
vt 0.16458333 0.34821429
vt 0.16458333 0.34821429
vt 0.16458333 0.34821429
vt 0.16458333 0.34821429
vt 0.16458333 0.34821429
vt 0.16458333 0.34821429
vt 0.16458333 0.34821429
vt 0.16458333 0.34821429
vt 0.16458333 0.34821429
vt 0.16458333 0.34821429
vt 0.16458333 0.34821429
vt 0.16458333 0.34821429
vt 0.16458333 0.34821429
vt 0.16458333 0.34821429
vt 0.16458333 0.34821429
vt 0.16458333 0.34821429
vt 0.16458333 0.34821429
vt 0.16458333 0.34821429
vt 0.16458333 0.34821429
vt 0.16458333 0.34821429
vt 0.16458333 0.34821429
vt 0.16458333 0.34821429
vt 0.16458333 0.34821429
vt 0.16458333 0.34821429
vt 0.16458333 0.34821429
vt 0.16458333 0.34821429
vt 0.16458333 0.34821429
vt 0.16458333 0.34821429
vt 0.16458333 0.34821429
vt 0.16458333 0.34821429
vt 0.16458333 0.34821429
vt 0.16458333 0.34821429
vt 0.16458333 0.34821429
vt 0.16458333 0.34821429
vt 0.16458333 0.34821429
vt 0.16458333 0.34821429
vt 0.16458333 0.34821429
vt 0.16458333 0.34821429
vt 0.16458333 0.34821429
vt 0.16458333 0.34821429
vt 0.16458333 0.34821429
vt 0.16458333 0.34821429
vt 0.16458333 0.34821429
vt 0.16458333 0.34821429
vt 0.16458333 0.34821429
vt 0.16458333 0.34821429
vt 0.16458333 0.34821429
vt 0.16458333 0.34821429
vt 0.16458333 0.34821429
vt 0.16458333 0.34821429
vt 0.16458333 0.34821429
vt 0.16458333 0.34821429
vt 0.16458333 0.34821429
vt 0.16458333 0.34821429
vt 0.16458333 0.34821429
vt 0.16458333 0.34821429
vt 0.16458333 0.34821429
vt 0.16458333 0.34821429
vt 0.16458333 0.34821429
vt 0.16458333 0.34821429
vt 0.16458333 0.34821429
vt 0.16458333 0.34821429
vt 0.16458333 0.34821429
vt 0.16458333 0.34821429
vt 0.16458333 0.34821429
vt 0.16458333 0.34821429
vt 0.16458333 0.34821429
vt 0.16458333 0.34821429
vt 0.16458333 0.34821429
vt 0.16458333 0.34821429
vt 0.16458333 0.34821429
vt 0.16458333 0.34821429
vt 0.16458333 0.34821429
vt 0.16458333 0.34821429
vt 0.16458333 0.34821429
vt 0.16458333 0.34821429
vt 0.16458333 0.34821429
vt 0.16458333 0.34821429
vt 0.16458333 0.34821429
vt 0.16458333 0.34821429
vt 0.16458333 0.34821429
vt 0.16458333 0.34821429
vt 0.16458333 0.34821429
vt 0.16458333 0.34821429
vt 0.16458333 0.34821429
vt 0.16458333 0.34821429
vt 0.16458333 0.34821429
vt 0.16458333 0.34821429
vt 0.16458333 0.34821429
vt 0.16458333 0.34821429
vt 0.16458333 0.34821429
vt 0.16458333 0.34821429
vt 0.16458333 0.34821429
vt 0.16458333 0.34821429
vt 0.16458333 0.34821429
vt 0.16458333 0.34821429
vt 0.16458333 0.34821429
vt 0.16458333 0.34821429
vt 0.16458333 0.34821429
vt 0.16458333 0.34821429
vt 0.16458333 0.34821429
vt 0.16458333 0.34821429
vt 0.16458333 0.34821429
vt 0.16458333 0.34821429
vt 0.16458333 0.34821429
vt 0.16458333 0.34821429
vt 0.16458333 0.34821429
vt 0.16458333 0.34821429
vt 0.16458333 0.34821429
vt 0.16458333 0.34821429
vt 0.16458333 0.34821429
vt 0.16458333 0.34821429
vt 0.16458333 0.34821429
vt 0.16458333 0.34821429
vt 0.16458333 0.34821429
vt 0.16458333 0.34821429
vt 0.16458333 0.34821429
vt 0.16458333 0.34821429
vt 0.16458333 0.34821429
vt 0.16458333 0.34821429
vt 0.16458333 0.34821429
vt 0.16458333 0.34821429
vt 0.16458333 0.34821429
vt 0.16458333 0.34821429
vt 0.16458333 0.34821429
vt 0.16458333 0.34821429
vt 0.16458333 0.34821429
vt 0.16458333 0.34821429
vt 0.16458333 0.34821429
vt 0.16458333 0.34821429
vt 0.16458333 0.34821429
vt 0.16458333 0.34821429
vt 0.16458333 0.34821429
vt 0.16458333 0.34821429
vt 0.16458333 0.34821429
vt 0.16458333 0.34821429
vt 0.16458333 0.34821429
vt 0.16458333 0.34821429
vt 0.16458333 0.34821429
vt 0.16458333 0.34821429
vt 0.16458333 0.34821429
vt 0.16458333 0.34821429
vt 0.16458333 0.34821429
vt 0.16458333 0.34821429
vt 0.16458333 0.34821429
vt 0.16458333 0.34821429
vt 0.16458333 0.34821429
vt 0.16458333 0.34821429
vt 0.16458333 0.34821429
vt 0.16458333 0.34821429
vt 0.16458333 0.34821429
vt 0.16458333 0.34821429
vt 0.16458333 0.34821429
vt 0.16458333 0.34821429
vt 0.16458333 0.34821429
vt 0.16458333 0.34821429
vt 0.16458333 0.34821429
vt 0.16458333 0.34821429
vt 0.16458333 0.34821429
vt 0.16458333 0.34821429
vt 0.16458333 0.34821429
vt 0.16458333 0.34821429
vt 0.16458333 0.34821429
vt 0.16458333 0.34821429
vt 0.16458333 0.34821429
vt 0.16458333 0.34821429
vt 0.16458333 0.34821429
vt 0.16458333 0.34821429
vt 0.16458333 0.34821429
vt 0.16458333 0.34821429
vt 0.16458333 0.34821429
vt 0.16458333 0.34821429
vt 0.16458333 0.34821429
vt 0.16458333 0.34821429
vt 0.16458333 0.34821429
vt 0.16458333 0.34821429
vt 0.16458333 0.34821429
vt 0.16458333 0.34821429
vt 0.16458333 0.34821429
vt 0.16458333 0.34821429
vt 0.16458333 0.34821429
vt 0.16458333 0.34821429
vt 0.16458333 0.34821429
vt 0.16458333 0.34821429
vt 0.16458333 0.34821429
vt 0.16458333 0.34821429
vt 0.16458333 0.34821429
vt 0.16458333 0.34821429
vt 0.16458333 0.34821429
vt 0.16458333 0.34821429
vt 0.16458333 0.34821429
vt 0.16458333 0.34821429
vt 0.16458333 0.34821429
vt 0.16458333 0.34821429
vt 0.16458333 0.34821429
vt 0.16458333 0.34821429
vt 0.16458333 0.34821429
vt 0.16458333 0.34821429
vt 0.16458333 0.34821429
vt 0.16458333 0.34821429
vt 0.16458333 0.34821429
vt 0.16458333 0.34821429
vt 0.56458333 0.34821429
vt 0.56458333 0.34821429
vt 0.56458333 0.34821429
vt 0.56458333 0.34821429
vt 0.56458333 0.34821429
vt 0.56458333 0.34821429
vt 0.56458333 0.34821429
vt 0.56458333 0.34821429
vt 0.16458333 0.34821429
vt 0.16458333 0.34821429
vt 0.16458333 0.34821429
vt 0.16458333 0.34821429
vt 0.16458333 0.34821429
vt 0.16458333 0.34821429
vt 0.16458333 0.34821429
vt 0.16458333 0.34821429
vt 0.16458333 0.34821429
vt 0.16458333 0.34821429
vt 0.16458333 0.34821429
vt 0.16458333 0.34821429
vt 0.16458333 0.34821429
vt 0.16458333 0.34821429
vt 0.16458333 0.34821429
vt 0.16458333 0.34821429
vt 0.16458333 0.34821429
vt 0.16458333 0.34821429
vt 0.16458333 0.34821429
vt 0.16458333 0.34821429
vt 0.16458333 0.34821429
vt 0.16458333 0.34821429
vt 0.16458333 0.34821429
vt 0.16458333 0.34821429
vt 0.16458333 0.34821429
vt 0.16458333 0.34821429
vt 0.16458333 0.34821429
vt 0.16458333 0.34821429
vt 0.16458333 0.34821429
vt 0.16458333 0.34821429
vt 0.16458333 0.34821429
vt 0.16458333 0.34821429
vt 0.16458333 0.34821429
vt 0.16458333 0.34821429
vt 0.16458333 0.34821429
vt 0.16458333 0.34821429
vt 0.16458333 0.34821429
vt 0.16458333 0.34821429
vt 0.16458333 0.34821429
vt 0.16458333 0.34821429
vt 0.16458333 0.34821429
vt 0.16458333 0.34821429
vt 0.16458333 0.34821429
vt 0.16458333 0.34821429
vt 0.16458333 0.34821429
vt 0.16458333 0.34821429
vt 0.16458333 0.34821429
vt 0.16458333 0.34821429
vt 0.16458333 0.34821429
vt 0.16458333 0.34821429
vt 0.16458333 0.34821429
vt 0.16458333 0.34821429
vt 0.16458333 0.34821429
vt 0.16458333 0.34821429
vt 0.16458333 0.34821429
vt 0.16458333 0.34821429
vt 0.16458333 0.34821429
vt 0.16458333 0.34821429
vt 0.16458333 0.34821429
vt 0.16458333 0.34821429
vt 0.16458333 0.34821429
vt 0.16458333 0.34821429
vt 0.16458333 0.34821429
vt 0.16458333 0.34821429
vt 0.16458333 0.34821429
vt 0.16458333 0.34821429
vt 0.16458333 0.34821429
vt 0.16458333 0.34821429
vt 0.16458333 0.34821429
vt 0.16458333 0.34821429
vt 0.16458333 0.34821429
vt 0.16458333 0.34821429
vt 0.16458333 0.34821429
vt 0.16458333 0.34821429
vt 0.16458333 0.34821429
vt 0.16458333 0.34821429
vt 0.16458333 0.34821429
vt 0.16458333 0.34821429
vt 0.16458333 0.34821429
vt 0.16458333 0.34821429
vt 0.16458333 0.34821429
vt 0.16458333 0.34821429
vt 0.16458333 0.34821429
vt 0.16458333 0.34821429
vt 0.16458333 0.34821429
vt 0.16458333 0.34821429
vt 0.16458333 0.34821429
vt 0.16458333 0.34821429
vt 0.16458333 0.34821429
vt 0.16458333 0.34821429
vt 0.16458333 0.34821429
vt 0.16458333 0.34821429
vt 0.16458333 0.34821429
vt 0.16458333 0.34821429
vt 0.16458333 0.34821429
vt 0.16458333 0.34821429
vt 0.16458333 0.34821429
vt 0.16458333 0.34821429
vt 0.16458333 0.34821429
vt 0.16458333 0.34821429
vt 0.16458333 0.34821429
vt 0.16458333 0.34821429
vt 0.16458333 0.34821429
vt 0.16458333 0.34821429
vt 0.16458333 0.34821429
vt 0.16458333 0.34821429
vt 0.16458333 0.34821429
vt 0.16458333 0.34821429
vt 0.16458333 0.34821429
vt 0.16458333 0.34821429
vt 0.16458333 0.34821429
vt 0.16458333 0.34821429
vt 0.16458333 0.34821429
vt 0.16458333 0.34821429
vt 0.16458333 0.34821429
vt 0.16458333 0.34821429
vt 0.16458333 0.34821429
vt 0.16458333 0.34821429
vt 0.16458333 0.34821429
vt 0.16458333 0.34821429
vt 0.16458333 0.34821429
vt 0.16458333 0.34821429
vt 0.16458333 0.34821429
vt 0.16458333 0.34821429
vt 0.16458333 0.34821429
vt 0.16458333 0.34821429
vt 0.16458333 0.34821429
vt 0.16458333 0.34821429
vt 0.16458333 0.34821429
vt 0.16458333 0.34821429
vt 0.16458333 0.34821429
vt 0.16458333 0.34821429
vt 0.16458333 0.34821429
vt 0.16458333 0.34821429
vt 0.16458333 0.34821429
vt 0.16458333 0.34821429
vt 0.16458333 0.34821429
vt 0.16458333 0.34821429
vt 0.16458333 0.34821429
vt 0.16458333 0.34821429
vt 0.16458333 0.34821429
vt 0.16458333 0.34821429
vt 0.16458333 0.34821429
vt 0.16458333 0.34821429
vt 0.16458333 0.34821429
vt 0.16458333 0.34821429
vt 0.16458333 0.34821429
vt 0.16458333 0.34821429
vt 0.16458333 0.34821429
vt 0.16458333 0.34821429
vt 0.16458333 0.34821429
vt 0.56458333 0.34821429
vt 0.56458333 0.34821429
vt 0.56458333 0.34821429
vt 0.56458333 0.34821429
vt 0.56458333 0.34821429
vt 0.56458333 0.34821429
vt 0.56458333 0.34821429
vt 0.56458333 0.34821429
f 1/1/1 2/2/2 3/3/3
f 4/4/4 5/5/5 6/6/6
f 5/5/5 4/4/4 7/7/7
f 5/5/5 7/7/7 2/2/2
f 2/2/2 7/7/7 3/3/3
f 3/3/3 7/7/7 8/8/8
f 9/9/9 10/10/10 11/11/11
f 11/11/11 10/10/10 12/12/12
f 12/12/12 10/10/10 13/13/13
f 10/10/10 14/14/14 13/13/13
f 15/15/15 13/13/13 14/14/14
f 11/11/11 12/12/12 16/16/16
f 17/17/17 18/18/18 19/19/19
f 18/18/18 17/17/17 20/20/20
f 21/21/21 22/22/22 23/23/23
f 24/24/24 23/23/23 22/22/22
f 25/25/25 26/26/26 27/27/27
f 26/26/26 25/25/25 28/28/28
f 29/29/29 30/30/30 31/31/31
f 32/32/32 31/31/31 30/30/30
f 33/33/33 34/34/34 35/35/35
f 34/34/34 33/33/33 36/36/36
f 37/37/37 38/38/38 39/39/39
f 40/40/40 39/39/39 38/38/38
f 41/41/41 42/42/42 43/43/43
f 42/42/42 41/41/41 44/44/44
f 45/45/45 46/46/46 47/47/47
f 48/48/48 47/47/47 46/46/46
f 49/49/49 50/50/50 51/51/51
f 50/50/50 49/49/49 52/52/52
f 53/53/53 54/54/54 55/55/55
f 56/56/56 55/55/55 54/54/54
f 57/57/57 58/58/58 59/59/59
f 58/58/58 57/57/57 60/60/60
f 61/61/61 62/62/62 63/63/63
f 64/64/64 63/63/63 62/62/62
f 65/65/65 66/66/66 67/67/67
f 66/66/66 65/65/65 68/68/68
f 69/69/69 70/70/70 71/71/71
f 72/72/72 71/71/71 70/70/70
f 73/73/73 74/74/74 75/75/75
f 74/74/74 73/73/73 76/76/76
f 77/77/77 78/78/78 79/79/79
f 80/80/80 79/79/79 78/78/78
f 81/81/81 82/82/82 83/83/83
f 82/82/82 81/81/81 84/84/84
f 85/85/85 86/86/86 87/87/87
f 88/88/88 87/87/87 86/86/86
f 89/89/89 90/90/90 91/91/91
f 92/92/92 93/93/93 94/94/94
f 93/93/93 92/92/92 90/90/90
f 93/93/93 90/90/90 95/95/95
f 95/95/95 90/90/90 89/89/89
f 93/93/93 95/95/95 96/96/96
f 97/97/97 98/98/98 99/99/99
f 100/100/100 101/101/101 98/98/98
f 98/98/98 101/101/101 99/99/99
f 101/101/101 102/102/102 99/99/99
f 103/103/103 99/99/99 102/102/102
f 104/104/104 101/101/101 100/100/100
f 105/105/105 106/106/106 107/107/107
f 106/106/106 105/105/105 108/108/108
f 109/109/109 110/110/110 111/111/111
f 112/112/112 111/111/111 110/110/110
f 113/113/113 114/114/114 115/115/115
f 114/114/114 113/113/113 116/116/116
f 117/117/117 118/118/118 119/119/119
f 120/120/120 119/119/119 118/118/118
f 121/121/121 122/122/122 123/123/123
f 122/122/122 121/121/121 124/124/124
f 125/125/125 126/126/126 127/127/127
f 128/128/128 127/127/127 126/126/126
f 129/129/129 130/130/130 131/131/131
f 130/130/130 129/129/129 132/132/132
f 133/133/133 134/134/134 135/135/135
f 136/136/136 135/135/135 134/134/134
f 137/137/137 138/138/138 139/139/139
f 138/138/138 137/137/137 140/140/140
f 141/141/141 142/142/142 143/143/143
f 144/144/144 143/143/143 142/142/142
f 145/145/145 146/146/146 147/147/147
f 146/146/146 145/145/145 148/148/148
f 149/149/149 150/150/150 151/151/151
f 152/152/152 151/151/151 150/150/150
f 153/153/153 154/154/154 155/155/155
f 154/154/154 153/153/153 156/156/156
f 157/157/157 158/158/158 159/159/159
f 160/160/160 159/159/159 158/158/158
f 161/161/161 162/162/162 163/163/163
f 162/162/162 161/161/161 164/164/164
f 162/162/162 164/164/164 165/165/165
f 165/165/165 164/164/164 166/166/166
f 167/167/167 168/168/168 169/169/169
f 169/169/169 168/168/168 170/170/170
f 168/168/168 171/171/171 170/170/170
f 172/172/172 170/170/170 171/171/171
f 173/173/173 174/174/174 175/175/175
f 174/174/174 173/173/173 176/176/176
f 177/177/177 178/178/178 179/179/179
f 180/180/180 179/179/179 178/178/178
f 181/181/181 182/182/182 183/183/183
f 182/182/182 181/181/181 184/184/184
f 185/185/185 186/186/186 187/187/187
f 188/188/188 187/187/187 186/186/186
f 189/189/189 190/190/190 191/191/191
f 190/190/190 189/189/189 192/192/192
f 193/193/193 194/194/194 195/195/195
f 196/196/196 195/195/195 194/194/194
f 197/197/197 198/198/198 199/199/199
f 198/198/198 197/197/197 200/200/200
f 198/198/198 200/200/200 201/201/201
f 200/200/200 197/197/197 202/202/202
f 203/203/203 204/204/204 205/205/205
f 206/206/206 205/205/205 207/207/207
f 205/205/205 204/204/204 207/207/207
f 208/208/208 207/207/207 204/204/204
f 209/209/209 210/210/210 211/211/211
f 210/210/210 209/209/209 212/212/212
f 213/213/213 214/214/214 215/215/215
f 216/216/216 215/215/215 214/214/214
f 217/217/217 218/218/218 219/219/219
f 218/218/218 217/217/217 220/220/220
f 221/221/221 222/222/222 223/223/223
f 224/224/224 223/223/223 222/222/222
f 225/225/225 226/226/226 227/227/227
f 226/226/226 225/225/225 228/228/228
f 229/229/229 230/230/230 231/231/231
f 232/232/232 231/231/231 230/230/230
f 233/233/233 234/234/234 235/235/235
f 234/234/234 233/233/233 236/236/236
f 237/237/237 238/238/238 239/239/239
f 240/240/240 239/239/239 238/238/238
f 241/241/241 242/242/242 243/243/243
f 242/242/242 241/241/241 244/244/244
f 245/245/245 246/246/246 247/247/247
f 248/248/248 247/247/247 246/246/246
f 249/249/249 250/250/250 251/251/251
f 250/250/250 252/252/252 253/253/253
f 252/252/252 250/250/250 254/254/254
f 254/254/254 250/250/250 249/249/249
f 255/255/255 256/256/256 257/257/257
f 257/257/257 256/256/256 258/258/258
f 259/259/259 258/258/258 256/256/256
f 260/260/260 256/256/256 255/255/255
f 261/261/261 262/262/262 263/263/263
f 262/262/262 261/261/261 264/264/264
f 265/265/265 266/266/266 267/267/267
f 268/268/268 267/267/267 266/266/266
f 269/269/269 270/270/270 271/271/271
f 270/270/270 269/269/269 272/272/272
f 273/273/273 274/274/274 275/275/275
f 276/276/276 275/275/275 274/274/274
f 277/277/277 278/278/278 279/279/279
f 278/278/278 277/277/277 280/280/280
f 281/281/281 282/282/282 283/283/283
f 284/284/284 283/283/283 282/282/282
f 285/285/285 286/286/286 287/287/287
f 286/286/286 285/285/285 288/288/288
f 288/288/288 285/285/285 289/289/289
f 289/289/289 285/285/285 290/290/290
f 291/291/291 292/292/292 293/293/293
f 293/293/293 292/292/292 294/294/294
f 294/294/294 292/292/292 295/295/295
f 296/296/296 295/295/295 292/292/292
f 297/297/297 298/298/298 299/299/299
f 298/298/298 297/297/297 300/300/300
f 301/301/301 302/302/302 303/303/303
f 304/304/304 303/303/303 302/302/302
f 305/305/305 306/306/306 307/307/307
f 306/306/306 305/305/305 308/308/308
f 309/309/309 310/310/310 311/311/311
f 312/312/312 311/311/311 310/310/310
f 313/313/313 314/314/314 315/315/315
f 314/314/314 313/313/313 316/316/316
f 317/317/317 318/318/318 319/319/319
f 320/320/320 319/319/319 318/318/318
f 321/321/321 322/322/322 323/323/323
f 322/322/322 321/321/321 324/324/324
f 325/325/325 326/326/326 327/327/327
f 328/328/328 327/327/327 326/326/326
f 329/329/329 330/330/330 331/331/331
f 330/330/330 329/329/329 332/332/332
f 333/333/333 334/334/334 335/335/335
f 336/336/336 335/335/335 334/334/334
f 337/337/337 338/338/338 339/339/339
f 338/338/338 337/337/337 340/340/340
f 341/341/341 342/342/342 343/343/343
f 344/344/344 343/343/343 342/342/342
f 345/345/345 346/346/346 347/347/347
f 346/346/346 345/345/345 348/348/348
f 349/349/349 350/350/350 351/351/351
f 352/352/352 351/351/351 350/350/350
f 353/353/353 354/354/354 355/355/355
f 354/354/354 353/353/353 356/356/356
f 357/357/357 358/358/358 359/359/359
f 360/360/360 359/359/359 358/358/358
f 361/361/361 362/362/362 363/363/363
f 362/362/362 361/361/361 364/364/364
f 365/365/365 366/366/366 367/367/367
f 368/368/368 367/367/367 366/366/366
f 369/369/369 370/370/370 371/371/371
f 370/370/370 369/369/369 372/372/372
f 373/373/373 374/374/374 375/375/375
f 376/376/376 375/375/375 374/374/374
f 377/377/377 378/378/378 379/379/379
f 378/378/378 377/377/377 380/380/380
f 381/381/381 382/382/382 383/383/383
f 384/384/384 383/383/383 382/382/382
f 385/385/385 386/386/386 387/387/387
f 386/386/386 385/385/385 388/388/388
f 389/389/389 390/390/390 391/391/391
f 392/392/392 391/391/391 390/390/390
f 393/393/393 394/394/394 395/395/395
f 394/394/394 393/393/393 396/396/396
f 397/397/397 398/398/398 399/399/399
f 400/400/400 399/399/399 398/398/398
f 401/401/401 402/402/402 403/403/403
f 402/402/402 401/401/401 404/404/404
f 405/405/405 406/406/406 407/407/407
f 408/408/408 407/407/407 406/406/406
f 409/409/409 410/410/410 411/411/411
f 410/410/410 409/409/409 412/412/412
f 413/413/413 414/414/414 415/415/415
f 416/416/416 415/415/415 414/414/414
f 417/417/417 418/418/418 419/419/419
f 418/418/418 417/417/417 420/420/420
f 420/420/420 417/417/417 421/421/421
f 421/421/421 417/417/417 422/422/422
f 418/418/418 423/423/423 424/424/424
f 423/423/423 418/418/418 420/420/420
f 425/425/425 426/426/426 427/427/427
f 426/426/426 425/425/425 428/428/428
f 428/428/428 425/425/425 429/429/429
f 429/429/429 425/425/425 430/430/430
f 426/426/426 431/431/431 432/432/432
f 431/431/431 426/426/426 428/428/428
f 433/433/433 434/434/434 435/435/435
f 434/434/434 433/433/433 436/436/436
f 436/436/436 433/433/433 437/437/437
f 436/436/436 437/437/437 438/438/438
f 437/437/437 433/433/433 439/439/439
f 438/438/438 440/440/440 436/436/436
f 441/441/441 442/442/442 443/443/443
f 442/442/442 441/441/441 444/444/444
f 445/445/445 446/446/446 447/447/447
f 448/448/448 447/447/447 446/446/446
f 449/449/449 450/450/450 451/451/451
f 450/450/450 449/449/449 452/452/452
f 453/453/453 454/454/454 455/455/455
f 456/456/456 455/455/455 454/454/454
f 457/457/457 458/458/458 459/459/459
f 458/458/458 457/457/457 460/460/460
f 461/461/461 462/462/462 463/463/463
f 464/464/464 463/463/463 462/462/462
f 465/465/465 466/466/466 467/467/467
f 466/466/466 465/465/465 468/468/468
f 469/469/469 470/470/470 471/471/471
f 472/472/472 471/471/471 470/470/470
f 473/473/473 474/474/474 475/475/475
f 474/474/474 473/473/473 476/476/476
f 477/477/477 478/478/478 479/479/479
f 480/480/480 479/479/479 478/478/478
f 481/481/481 482/482/482 483/483/483
f 482/482/482 481/481/481 484/484/484
f 485/485/485 486/486/486 487/487/487
f 488/488/488 487/487/487 486/486/486
f 489/489/489 490/490/490 491/491/491
f 490/490/490 489/489/489 492/492/492
f 493/493/493 494/494/494 495/495/495
f 496/496/496 495/495/495 494/494/494
f 497/497/497 498/498/498 499/499/499
f 498/498/498 497/497/497 500/500/500
f 500/500/500 497/497/497 501/501/501
f 501/501/501 497/497/497 502/502/502
f 500/500/500 503/503/503 504/504/504
f 503/503/503 500/500/500 501/501/501
f 505/505/505 506/506/506 507/507/507
f 506/506/506 505/505/505 508/508/508
f 509/509/509 510/510/510 511/511/511
f 512/512/512 511/511/511 510/510/510
f 513/513/513 514/514/514 515/515/515
f 514/514/514 513/513/513 516/516/516
f 517/517/517 518/518/518 519/519/519
f 520/520/520 519/519/519 518/518/518
f 521/521/521 522/522/522 523/523/523
f 522/522/522 521/521/521 524/524/524
f 525/525/525 526/526/526 527/527/527
f 528/528/528 527/527/527 526/526/526
f 529/529/529 530/530/530 531/531/531
f 530/530/530 529/529/529 532/532/532
f 533/533/533 534/534/534 535/535/535
f 536/536/536 535/535/535 534/534/534
f 537/537/537 538/538/538 539/539/539
f 538/538/538 537/537/537 540/540/540
f 541/541/541 542/542/542 543/543/543
f 544/544/544 543/543/543 542/542/542
f 545/545/545 546/546/546 547/547/547
f 546/546/546 545/545/545 548/548/548
f 549/549/549 550/550/550 551/551/551
f 552/552/552 551/551/551 550/550/550
f 553/553/553 554/554/554 555/555/555
f 554/554/554 553/553/553 556/556/556
f 557/557/557 558/558/558 559/559/559
f 560/560/560 559/559/559 558/558/558
f 561/561/561 562/562/562 563/563/563
f 562/562/562 561/561/561 564/564/564
f 564/564/564 561/561/561 565/565/565
f 564/564/564 565/565/565 566/566/566
f 566/566/566 565/565/565 567/567/567
f 564/564/564 566/566/566 568/568/568
f 569/569/569 570/570/570 571/571/571
f 572/572/572 573/573/573 574/574/574
f 573/573/573 572/572/572 570/570/570
f 573/573/573 570/570/570 575/575/575
f 575/575/575 570/570/570 569/569/569
f 573/573/573 575/575/575 576/576/576
f 577/577/577 578/578/578 579/579/579
f 578/578/578 577/577/577 580/580/580
f 581/581/581 582/582/582 583/583/583
f 584/584/584 583/583/583 582/582/582
f 585/585/585 586/586/586 587/587/587
f 586/586/586 585/585/585 588/588/588
f 587/587/587 586/586/586 589/589/589
f 586/586/586 588/588/588 590/590/590
f 590/590/590 588/588/588 591/591/591
f 589/589/589 592/592/592 587/587/587
f 592/592/592 589/589/589 591/591/591
f 592/592/592 591/591/591 588/588/588
f 593/593/593 594/594/594 595/595/595
f 594/594/594 596/596/596 595/595/595
f 597/597/597 595/595/595 596/596/596
f 594/594/594 593/593/593 598/598/598
f 598/598/598 593/593/593 599/599/599
f 596/596/596 599/599/599 597/597/597
f 593/593/593 600/600/600 599/599/599
f 597/597/597 599/599/599 600/600/600
f 601/601/601 602/602/602 603/603/603
f 602/602/602 601/601/601 604/604/604
f 605/605/605 606/606/606 607/607/607
f 608/608/608 607/607/607 606/606/606
f 609/609/609 610/610/610 611/611/611
f 610/610/610 609/609/609 612/612/612
f 612/612/612 609/609/609 613/613/613
f 613/613/613 609/609/609 614/614/614
f 615/615/615 616/616/616 614/614/614
f 616/616/616 615/615/615 611/611/611
f 616/616/616 611/611/611 610/610/610
f 614/614/614 616/616/616 613/613/613
f 617/617/617 618/618/618 619/619/619
f 620/620/620 621/621/621 618/618/618
f 621/621/621 622/622/622 618/618/618
f 619/619/619 618/618/618 622/622/622
f 619/619/619 623/623/623 617/617/617
f 617/617/617 623/623/623 624/624/624
f 624/624/624 623/623/623 620/620/620
f 621/621/621 620/620/620 623/623/623
f 625/625/625 626/626/626 627/627/627
f 626/626/626 625/625/625 628/628/628
f 629/629/629 630/630/630 631/631/631
f 632/632/632 631/631/631 630/630/630
f 633/633/633 634/634/634 635/635/635
f 634/634/634 633/633/633 636/636/636
f 637/637/637 638/638/638 639/639/639
f 640/640/640 639/639/639 638/638/638
f 641/641/641 642/642/642 643/643/643
f 642/642/642 641/641/641 644/644/644
f 645/645/645 646/646/646 647/647/647
f 648/648/648 647/647/647 646/646/646
f 649/649/649 650/650/650 651/651/651
f 652/652/652 653/653/653 654/654/654
f 655/655/655 656/656/656 657/657/657
f 656/656/656 655/655/655 658/658/658
f 659/659/659 660/660/660 661/661/661
f 662/662/662 661/661/661 660/660/660
f 663/663/663 664/664/664 665/665/665
f 664/664/664 663/663/663 666/666/666
f 667/667/667 668/668/668 669/669/669
f 668/668/668 667/667/667 670/670/670
f 670/670/670 667/667/667 665/665/665
f 670/670/670 665/665/665 664/664/664
f 671/671/671 672/672/672 673/673/673
f 672/672/672 674/674/674 673/673/673
f 673/673/673 674/674/674 675/675/675
f 676/676/676 675/675/675 674/674/674
f 677/677/677 678/678/678 671/671/671
f 672/672/672 671/671/671 678/678/678
f 679/679/679 680/680/680 681/681/681
f 680/680/680 679/679/679 682/682/682
f 683/683/683 684/684/684 685/685/685
f 686/686/686 685/685/685 684/684/684
f 687/687/687 688/688/688 689/689/689
f 690/690/690 691/691/691 692/692/692
f 693/693/693 694/694/694 695/695/695
f 696/696/696 697/697/697 698/698/698
f 699/699/699 700/700/700 701/701/701
f 700/700/700 699/699/699 702/702/702
f 703/703/703 704/704/704 705/705/705
f 706/706/706 705/705/705 704/704/704
f 707/707/707 708/708/708 709/709/709
f 708/708/708 707/707/707 710/710/710
f 711/711/711 712/712/712 713/713/713
f 714/714/714 713/713/713 712/712/712
f 715/715/715 716/716/716 717/717/717
f 716/716/716 715/715/715 718/718/718
f 719/719/719 720/720/720 721/721/721
f 722/722/722 721/721/721 720/720/720
f 723/723/723 724/724/724 725/725/725
f 724/724/724 723/723/723 726/726/726
f 727/727/727 728/728/728 729/729/729
f 730/730/730 729/729/729 728/728/728
f 731/731/731 732/732/732 733/733/733
f 732/732/732 731/731/731 734/734/734
f 735/735/735 736/736/736 737/737/737
f 738/738/738 737/737/737 736/736/736
f 739/739/739 740/740/740 741/741/741
f 740/740/740 739/739/739 742/742/742
f 743/743/743 744/744/744 745/745/745
f 746/746/746 745/745/745 744/744/744
f 747/747/747 748/748/748 749/749/749
f 750/750/750 751/751/751 752/752/752
f 753/753/753 754/754/754 755/755/755
f 754/754/754 753/753/753 756/756/756
f 757/757/757 758/758/758 759/759/759
f 760/760/760 759/759/759 758/758/758
f 761/761/761 762/762/762 763/763/763
f 762/762/762 761/761/761 764/764/764
f 765/765/765 766/766/766 767/767/767
f 768/768/768 767/767/767 766/766/766
f 769/769/769 770/770/770 771/771/771
f 770/770/770 769/769/769 772/772/772
f 773/773/773 774/774/774 775/775/775
f 776/776/776 775/775/775 774/774/774
f 777/777/777 778/778/778 779/779/779
f 778/778/778 777/777/777 780/780/780
f 781/781/781 782/782/782 783/783/783
f 784/784/784 783/783/783 782/782/782
f 785/785/785 786/786/786 754/754/754
f 786/786/786 785/785/785 787/787/787
f 788/788/788 789/789/789 790/790/790
f 791/791/791 790/790/790 789/789/789
f 792/792/792 793/793/793 794/794/794
f 793/793/793 792/792/792 795/795/795
f 796/796/796 797/797/797 798/798/798
f 799/799/799 798/798/798 797/797/797
f 800/800/800 801/801/801 802/802/802
f 801/801/801 800/800/800 803/803/803
f 804/804/804 805/805/805 806/806/806
f 807/807/807 806/806/806 805/805/805
f 808/808/808 809/809/809 810/810/810
f 809/809/809 808/808/808 811/811/811
f 809/809/809 811/811/811 812/812/812
f 812/812/812 811/811/811 813/813/813
f 810/810/810 814/814/814 815/815/815
f 814/814/814 810/810/810 809/809/809
f 815/815/815 814/814/814 813/813/813
f 815/815/815 813/813/813 811/811/811
f 816/816/816 817/817/817 818/818/818
f 817/817/817 819/819/819 818/818/818
f 820/820/820 821/821/821 819/819/819
f 818/818/818 819/819/819 821/821/821
f 817/817/817 816/816/816 822/822/822
f 822/822/822 816/816/816 820/820/820
f 816/816/816 823/823/823 820/820/820
f 821/821/821 820/820/820 823/823/823
f 824/824/824 825/825/825 826/826/826
f 825/825/825 824/824/824 827/827/827
f 828/828/828 829/829/829 830/830/830
f 831/831/831 830/830/830 829/829/829
f 832/832/832 833/833/833 834/834/834
f 833/833/833 832/832/832 835/835/835
f 836/836/836 837/837/837 838/838/838
f 839/839/839 838/838/838 837/837/837
f 840/840/840 841/841/841 842/842/842
f 841/841/841 840/840/840 843/843/843
f 844/844/844 845/845/845 846/846/846
f 847/847/847 846/846/846 845/845/845
f 848/848/848 849/849/849 850/850/850
f 849/849/849 848/848/848 851/851/851
f 852/852/852 853/853/853 854/854/854
f 855/855/855 854/854/854 853/853/853
f 856/856/856 857/857/857 858/858/858
f 857/857/857 856/856/856 859/859/859
f 857/857/857 859/859/859 860/860/860
f 860/860/860 859/859/859 861/861/861
f 858/858/858 862/862/862 863/863/863
f 862/862/862 858/858/858 857/857/857
f 863/863/863 862/862/862 861/861/861
f 863/863/863 861/861/861 859/859/859
f 864/864/864 865/865/865 866/866/866
f 865/865/865 867/867/867 866/866/866
f 868/868/868 869/869/869 867/867/867
f 866/866/866 867/867/867 869/869/869
f 865/865/865 864/864/864 870/870/870
f 870/870/870 864/864/864 868/868/868
f 864/864/864 871/871/871 868/868/868
f 869/869/869 868/868/868 871/871/871
f 872/872/872 873/873/873 874/874/874
f 873/873/873 872/872/872 875/875/875
f 876/876/876 877/877/877 878/878/878
f 879/879/879 878/878/878 877/877/877
f 880/880/880 881/881/881 882/882/882
f 881/881/881 880/880/880 883/883/883
f 884/884/884 885/885/885 886/886/886
f 887/887/887 886/886/886 885/885/885
f 888/888/888 889/889/889 890/890/890
f 889/889/889 888/888/888 891/891/891
f 892/892/892 893/893/893 894/894/894
f 895/895/895 894/894/894 893/893/893
f 896/896/896 897/897/897 898/898/898
f 897/897/897 896/896/896 899/899/899
f 900/900/900 901/901/901 902/902/902
f 903/903/903 902/902/902 901/901/901
f 904/904/904 905/905/905 906/906/906
f 907/907/907 908/908/908 909/909/909
f 910/910/910 911/911/911 912/912/912
f 911/911/911 910/910/910 913/913/913
f 914/914/914 915/915/915 916/916/916
f 917/917/917 916/916/916 915/915/915
f 918/918/918 919/919/919 920/920/920
f 919/919/919 918/918/918 921/921/921
f 919/919/919 922/922/922 923/923/923
f 922/922/922 919/919/919 921/921/921
f 922/922/922 921/921/921 924/924/924
f 922/922/922 924/924/924 925/925/925
f 926/926/926 927/927/927 928/928/928
f 927/927/927 929/929/929 928/928/928
f 929/929/929 930/930/930 928/928/928
f 931/931/931 928/928/928 930/930/930
f 929/929/929 932/932/932 930/930/930
f 933/933/933 930/930/930 932/932/932
f 934/934/934 935/935/935 936/936/936
f 935/935/935 934/934/934 937/937/937
f 938/938/938 939/939/939 940/940/940
f 941/941/941 940/940/940 939/939/939
f 942/942/942 943/943/943 944/944/944
f 945/945/945 946/946/946 947/947/947
f 948/948/948 949/949/949 950/950/950
f 949/949/949 948/948/948 951/951/951
f 952/952/952 953/953/953 954/954/954
f 955/955/955 954/954/954 953/953/953
f 956/956/956 957/957/957 958/958/958
f 957/957/957 956/956/956 959/959/959
f 960/960/960 961/961/961 962/962/962
f 963/963/963 962/962/962 961/961/961
f 964/964/964 965/965/965 966/966/966
f 965/965/965 964/964/964 967/967/967
f 968/968/968 969/969/969 970/970/970
f 971/971/971 970/970/970 969/969/969
f 972/972/972 973/973/973 974/974/974
f 973/973/973 972/972/972 975/975/975
f 976/976/976 977/977/977 978/978/978
f 979/979/979 978/978/978 977/977/977
f 980/980/980 981/981/981 982/982/982
f 981/981/981 980/980/980 920/920/920
f 983/983/983 984/984/984 985/985/985
f 986/986/986 985/985/985 984/984/984
f 987/987/987 988/988/988 989/989/989
f 988/988/988 987/987/987 990/990/990
f 991/991/991 992/992/992 993/993/993
f 994/994/994 993/993/993 992/992/992
f 995/995/995 996/996/996 997/997/997
f 998/998/998 999/999/999 1000/1000/1000
f 1001/1001/1001 1002/1002/1002 1003/1003/1003
f 1002/1002/1002 1001/1001/1001 1004/1004/1004
f 1005/1005/1005 1006/1006/1006 1007/1007/1007
f 1008/1008/1008 1007/1007/1007 1006/1006/1006
f 1009/1009/1009 1010/1010/1010 1011/1011/1011
f 1010/1010/1010 1009/1009/1009 1012/1012/1012
f 1013/1013/1013 1014/1014/1014 1015/1015/1015
f 1016/1016/1016 1015/1015/1015 1014/1014/1014
f 1017/1017/1017 1018/1018/1018 1019/1019/1019
f 1018/1018/1018 1017/1017/1017 1020/1020/1020
f 1021/1021/1021 1022/1022/1022 1023/1023/1023
f 1024/1024/1024 1023/1023/1023 1022/1022/1022
f 1025/1025/1025 1026/1026/1026 1027/1027/1027
f 1028/1028/1028 1029/1029/1029 1030/1030/1030
f 1031/1031/1031 1032/1032/1032 1033/1033/1033
f 1032/1032/1032 1031/1031/1031 1034/1034/1034
f 1035/1035/1035 1036/1036/1036 1037/1037/1037
f 1038/1038/1038 1037/1037/1037 1036/1036/1036
f 1039/1039/1039 1040/1040/1040 1041/1041/1041
f 1040/1040/1040 1039/1039/1039 1042/1042/1042
f 1043/1043/1043 1044/1044/1044 1045/1045/1045
f 1046/1046/1046 1045/1045/1045 1044/1044/1044
f 1047/1047/1047 1048/1048/1048 1049/1049/1049
f 1048/1048/1048 1047/1047/1047 1050/1050/1050
f 1051/1051/1051 1052/1052/1052 1053/1053/1053
f 1054/1054/1054 1053/1053/1053 1052/1052/1052

